{
  "type": "FeatureCollection",
  "features": [
    {
      "type": "Feature",
      "properties": {
        "osm_type": "way",
        "osm_id": 750542239,
        "provenance": "EXTERNAL_MAP_REFERENCE",
        "highway": "service"
      },
      "geometry": {
        "type": "LineString",
        "coordinates": [
          [
            80.4970057,
            16.4927555
          ],
          [
            80.4953735,
            16.4943016
          ],
          [
            80.4952705,
            16.4943988
          ]
        ]
      }
    },
    {
      "type": "Feature",
      "properties": {
        "osm_type": "way",
        "osm_id": 750542241,
        "provenance": "EXTERNAL_MAP_REFERENCE",
        "highway": "track",
        "source": "maxar"
      },
      "geometry": {
        "type": "LineString",
        "coordinates": [
          [
            80.5027322,
            16.4860945
          ],
          [
            80.5026791,
            16.4861412
          ],
          [
            80.5026471,
            16.4861864
          ],
          [
            80.502479,
            16.4864667
          ],
          [
            80.5024596,
            16.4865025
          ],
          [
            80.5024315,
            16.4865565
          ],
          [
            80.5024086,
            16.4866193
          ],
          [
            80.5023897,
            16.4866874
          ],
          [
            80.5023669,
            16.4867681
          ],
          [
            80.5023624,
            16.4868083
          ],
          [
            80.5023587,
            16.4868454
          ],
          [
            80.502356,
            16.4868875
          ],
          [
            80.5023554,
            16.4869191
          ],
          [
            80.5023583,
            16.4869506
          ],
          [
            80.5023699,
            16.4870053
          ],
          [
            80.5023804,
            16.4870546
          ],
          [
            80.5024426,
            16.4873109
          ],
          [
            80.5024509,
            16.4874407
          ],
          [
            80.502428,
            16.4874918
          ],
          [
            80.5023863,
            16.4875321
          ],
          [
            80.5023361,
            16.4875639
          ],
          [
            80.5022811,
            16.4875825
          ],
          [
            80.5020924,
            16.4876301
          ],
          [
            80.5020407,
            16.4876431
          ],
          [
            80.5014063,
            16.4878062
          ],
          [
            80.5011617,
            16.4878768
          ],
          [
            80.5009008,
            16.4879599
          ],
          [
            80.5008615,
            16.4879783
          ],
          [
            80.5008397,
            16.4880068
          ],
          [
            80.5008377,
            16.488039
          ],
          [
            80.5008509,
            16.4880944
          ],
          [
            80.5009321,
            16.4882957
          ],
          [
            80.5015178,
            16.4901847
          ],
          [
            80.501524,
            16.4902731
          ],
          [
            80.5014734,
            16.4903399
          ],
          [
            80.5012826,
            16.4904418
          ],
          [
            80.5008283,
            16.490653
          ],
          [
            80.5007312,
            16.4906821
          ],
          [
            80.5006155,
            16.4907166
          ],
          [
            80.5003947,
            16.4907495
          ],
          [
            80.4995594,
            16.4907737
          ],
          [
            80.4994238,
            16.490794
          ],
          [
            80.499163,
            16.4908479
          ],
          [
            80.4989745,
            16.4909003
          ],
          [
            80.4986904,
            16.4910009
          ],
          [
            80.4985447,
            16.4910498
          ],
          [
            80.4984789,
            16.4911051
          ],
          [
            80.4984511,
            16.4911632
          ],
          [
            80.498347,
            16.4914268
          ],
          [
            80.4983254,
            16.4917318
          ],
          [
            80.4982551,
            16.492155
          ]
        ]
      }
    },
    {
      "type": "Feature",
      "properties": {
        "osm_type": "way",
        "osm_id": 750542242,
        "provenance": "EXTERNAL_MAP_REFERENCE",
        "addr:housenumber": "AB2",
        "building": "university",
        "building:levels": "3",
        "name": "AB-2"
      },
      "geometry": {
        "type": "Polygon",
        "coordinates": [
          [
            [
              80.4983709,
              16.4955851
            ],
            [
              80.4981454,
              16.4957806
            ],
            [
              80.49794,
              16.4959588
            ],
            [
              80.4979881,
              16.4961224
            ],
            [
              80.4977657,
              16.4961919
            ],
            [
              80.4976493,
              16.4958243
            ],
            [
              80.4978393,
              16.4956503
            ],
            [
              80.4978284,
              16.4956209
            ],
            [
              80.4978214,
              16.4955783
            ],
            [
              80.4978285,
              16.4955357
            ],
            [
              80.497849,
              16.4954973
            ],
            [
              80.4978657,
              16.4954814
            ],
            [
              80.4978809,
              16.4954668
            ],
            [
              80.4979211,
              16.4954474
            ],
            [
              80.4979656,
              16.4954408
            ],
            [
              80.4980132,
              16.4954487
            ],
            [
              80.498042,
              16.4954646
            ],
            [
              80.498241,
              16.4952823
            ],
            [
              80.4986067,
              16.4954271
            ],
            [
              80.4985248,
              16.4956352
            ],
            [
              80.4983709,
              16.4955851
            ]
          ]
        ]
      }
    },
    {
      "type": "Feature",
      "properties": {
        "osm_type": "way",
        "osm_id": 847194792,
        "provenance": "EXTERNAL_MAP_REFERENCE",
        "construction": "secondary",
        "highway": "construction",
        "name": "E8"
      },
      "geometry": {
        "type": "LineString",
        "coordinates": [
          [
            80.4944874,
            16.4974337
          ],
          [
            80.4939686,
            16.4974502
          ],
          [
            80.4910487,
            16.4974416
          ],
          [
            80.4881781,
            16.4974331
          ],
          [
            80.4878744,
            16.4974322
          ],
          [
            80.4847889,
            16.4974235
          ],
          [
            80.4643389,
            16.4973432
          ],
          [
            80.460832,
            16.4973331
          ],
          [
            80.4564294,
            16.4973205
          ],
          [
            80.4446947,
            16.4972869
          ],
          [
            80.4395704,
            16.4972721
          ],
          [
            80.4364659,
            16.4972632
          ]
        ]
      }
    },
    {
      "type": "Feature",
      "properties": {
        "osm_type": "way",
        "osm_id": 850333656,
        "provenance": "EXTERNAL_MAP_REFERENCE",
        "highway": "service"
      },
      "geometry": {
        "type": "LineString",
        "coordinates": [
          [
            80.4970057,
            16.4927555
          ],
          [
            80.496229,
            16.491967
          ],
          [
            80.4962684,
            16.4919292
          ],
          [
            80.4966078,
            16.4916033
          ],
          [
            80.4969566,
            16.4919373
          ],
          [
            80.4973063,
            16.4922721
          ],
          [
            80.4974137,
            16.4923749
          ]
        ]
      }
    },
    {
      "type": "Feature",
      "properties": {
        "osm_type": "way",
        "osm_id": 850333657,
        "provenance": "EXTERNAL_MAP_REFERENCE",
        "highway": "service"
      },
      "geometry": {
        "type": "LineString",
        "coordinates": [
          [
            80.498397,
            16.494431
          ],
          [
            80.4983303,
            16.4944319
          ],
          [
            80.4982958,
            16.4944323
          ],
          [
            80.4976228,
            16.4944409
          ],
          [
            80.4971884,
            16.4944465
          ],
          [
            80.4971109,
            16.4944461
          ],
          [
            80.49696,
            16.4944453
          ],
          [
            80.4961125,
            16.4944411
          ],
          [
            80.4952705,
            16.4943988
          ],
          [
            80.4950104,
            16.4944267
          ],
          [
            80.494869,
            16.4944219
          ]
        ]
      }
    },
    {
      "type": "Feature",
      "properties": {
        "osm_type": "way",
        "osm_id": 850333658,
        "provenance": "EXTERNAL_MAP_REFERENCE",
        "highway": "service",
        "source": "maxar"
      },
      "geometry": {
        "type": "LineString",
        "coordinates": [
          [
            80.4984362,
            16.4949849
          ],
          [
            80.4983088,
            16.4950538
          ],
          [
            80.4982828,
            16.4950686
          ],
          [
            80.4980171,
            16.4953217
          ],
          [
            80.4978512,
            16.4954661
          ],
          [
            80.4976242,
            16.4956636
          ]
        ]
      }
    },
    {
      "type": "Feature",
      "properties": {
        "osm_type": "way",
        "osm_id": 850333661,
        "provenance": "EXTERNAL_MAP_REFERENCE",
        "highway": "track",
        "source": "maxar"
      },
      "geometry": {
        "type": "LineString",
        "coordinates": [
          [
            80.4991538,
            16.4937698
          ],
          [
            80.4990228,
            16.4937279
          ],
          [
            80.4988632,
            16.4935905
          ],
          [
            80.4987848,
            16.4933792
          ],
          [
            80.4982551,
            16.492155
          ]
        ]
      }
    },
    {
      "type": "Feature",
      "properties": {
        "osm_type": "way",
        "osm_id": 850352632,
        "provenance": "EXTERNAL_MAP_REFERENCE",
        "highway": "unclassified",
        "source": "maxar"
      },
      "geometry": {
        "type": "LineString",
        "coordinates": [
          [
            80.4954927,
            16.4859083
          ],
          [
            80.4950669,
            16.4864087
          ],
          [
            80.494965,
            16.4865151
          ],
          [
            80.4949214,
            16.4865554
          ],
          [
            80.4943155,
            16.4871436
          ],
          [
            80.4943031,
            16.4872764
          ],
          [
            80.4942762,
            16.4875122
          ],
          [
            80.4942706,
            16.4888551
          ],
          [
            80.4942671,
            16.4890979
          ],
          [
            80.4942545,
            16.4911914
          ],
          [
            80.4942519,
            16.4913048
          ],
          [
            80.4942463,
            16.4914026
          ],
          [
            80.4942519,
            16.4925471
          ],
          [
            80.4942592,
            16.4932008
          ],
          [
            80.4942743,
            16.4945464
          ],
          [
            80.4942658,
            16.4956054
          ],
          [
            80.4942484,
            16.496748
          ],
          [
            80.4942298,
            16.4968387
          ],
          [
            80.4941485,
            16.4969789
          ],
          [
            80.4940929,
            16.497059
          ],
          [
            80.4940209,
            16.4971103
          ],
          [
            80.4939127,
            16.497131
          ],
          [
            80.4933367,
            16.4971376
          ],
          [
            80.4931721,
            16.4971476
          ],
          [
            80.4929282,
            16.4971782
          ],
          [
            80.4927034,
            16.4972019
          ],
          [
            80.4924135,
            16.4971979
          ],
          [
            80.4919251,
            16.4971607
          ],
          [
            80.4915217,
            16.4971407
          ],
          [
            80.4911956,
            16.4971448
          ],
          [
            80.4911367,
            16.497158
          ],
          [
            80.491074,
            16.4972083
          ],
          [
            80.490997,
            16.4972702
          ],
          [
            80.4909753,
            16.4972785
          ],
          [
            80.4908817,
            16.4973142
          ],
          [
            80.490736,
            16.4973291
          ],
          [
            80.4906686,
            16.4973543
          ],
          [
            80.4906318,
            16.4973823
          ],
          [
            80.4906218,
            16.4974527
          ],
          [
            80.4906717,
            16.4977224
          ],
          [
            80.4906627,
            16.4977972
          ],
          [
            80.4906355,
            16.497854
          ],
          [
            80.4905931,
            16.4978914
          ],
          [
            80.4903219,
            16.4980489
          ],
          [
            80.4898845,
            16.4982225
          ],
          [
            80.4896407,
            16.4982739
          ],
          [
            80.489444,
            16.4982956
          ],
          [
            80.4892473,
            16.4982895
          ],
          [
            80.4890566,
            16.4982683
          ],
          [
            80.4889415,
            16.498226
          ],
          [
            80.4888632,
            16.4981451
          ],
          [
            80.4887765,
            16.4980323
          ],
          [
            80.4886727,
            16.4979601
          ],
          [
            80.4882899,
            16.4977889
          ],
          [
            80.4881445,
            16.4977489
          ],
          [
            80.4880528,
            16.4977527
          ],
          [
            80.4880019,
            16.4977797
          ]
        ]
      }
    },
    {
      "type": "Feature",
      "properties": {
        "osm_type": "way",
        "osm_id": 850352811,
        "provenance": "EXTERNAL_MAP_REFERENCE",
        "highway": "service",
        "source": "maxar"
      },
      "geometry": {
        "type": "LineString",
        "coordinates": [
          [
            80.4900836,
            16.4932009
          ],
          [
            80.4942592,
            16.4932008
          ]
        ]
      }
    },
    {
      "type": "Feature",
      "properties": {
        "osm_type": "way",
        "osm_id": 1246030262,
        "provenance": "EXTERNAL_MAP_REFERENCE",
        "highway": "footway"
      },
      "geometry": {
        "type": "LineString",
        "coordinates": [
          [
            80.4992069,
            16.4947915
          ],
          [
            80.499209,
            16.4947963
          ],
          [
            80.4992385,
            16.4948107
          ],
          [
            80.4992645,
            16.4948242
          ],
          [
            80.4992865,
            16.4948431
          ],
          [
            80.4993032,
            16.4948664
          ],
          [
            80.4993139,
            16.4948928
          ],
          [
            80.4993178,
            16.4949231
          ],
          [
            80.4993136,
            16.4949534
          ],
          [
            80.4993017,
            16.4949817
          ],
          [
            80.4992828,
            16.4950062
          ],
          [
            80.499258,
            16.4950253
          ],
          [
            80.499229,
            16.4950379
          ],
          [
            80.4991976,
            16.4950431
          ],
          [
            80.499161,
            16.4950395
          ],
          [
            80.4991271,
            16.4950259
          ],
          [
            80.4990987,
            16.4950034
          ],
          [
            80.4990783,
            16.4949741
          ],
          [
            80.4990677,
            16.4949403
          ],
          [
            80.4990677,
            16.494905
          ],
          [
            80.4990748,
            16.4948793
          ],
          [
            80.4990876,
            16.4948557
          ],
          [
            80.4991054,
            16.4948353
          ],
          [
            80.4991275,
            16.4948192
          ],
          [
            80.4991527,
            16.4948082
          ],
          [
            80.4991808,
            16.4947963
          ],
          [
            80.4991816,
            16.4947916
          ]
        ]
      }
    },
    {
      "type": "Feature",
      "properties": {
        "osm_type": "way",
        "osm_id": 1246030265,
        "provenance": "EXTERNAL_MAP_REFERENCE",
        "highway": "footway"
      },
      "geometry": {
        "type": "LineString",
        "coordinates": [
          [
            80.4988578,
            16.4953901
          ],
          [
            80.4988658,
            16.4953552
          ],
          [
            80.4988846,
            16.4952936
          ],
          [
            80.4989473,
            16.4952035
          ],
          [
            80.4990412,
            16.4951164
          ],
          [
            80.4991258,
            16.4950713
          ],
          [
            80.4991976,
            16.4950431
          ],
          [
            80.4992715,
            16.4950888
          ],
          [
            80.4993578,
            16.49514
          ],
          [
            80.4994268,
            16.4952065
          ],
          [
            80.4994838,
            16.495286
          ],
          [
            80.4995239,
            16.495399
          ]
        ]
      }
    },
    {
      "type": "Feature",
      "properties": {
        "osm_type": "way",
        "osm_id": 1255690397,
        "provenance": "EXTERNAL_MAP_REFERENCE",
        "building": "yes"
      },
      "geometry": {
        "type": "Polygon",
        "coordinates": [
          [
            [
              80.497817,
              16.495095
            ],
            [
              80.4978495,
              16.4950962
            ],
            [
              80.4978911,
              16.4950917
            ],
            [
              80.4979432,
              16.4950698
            ],
            [
              80.4979846,
              16.4950385
            ],
            [
              80.498017,
              16.4950004
            ],
            [
              80.49804,
              16.4949559
            ],
            [
              80.498053,
              16.4949126
            ],
            [
              80.4980552,
              16.4948662
            ],
            [
              80.498148,
              16.4948665
            ],
            [
              80.4981484,
              16.4947229
            ],
            [
              80.4981491,
              16.4945169
            ],
            [
              80.4977293,
              16.4945157
            ],
            [
              80.4977271,
              16.4951971
            ],
            [
              80.4978166,
              16.4951973
            ],
            [
              80.4978168,
              16.4951584
            ],
            [
              80.497817,
              16.495095
            ]
          ]
        ]
      }
    },
    {
      "type": "Feature",
      "properties": {
        "osm_type": "way",
        "osm_id": 1255690398,
        "provenance": "EXTERNAL_MAP_REFERENCE",
        "building": "yes"
      },
      "geometry": {
        "type": "Polygon",
        "coordinates": [
          [
            [
              80.4948816,
              16.4948873
            ],
            [
              80.4949713,
              16.4948856
            ],
            [
              80.4949673,
              16.4946812
            ],
            [
              80.4948775,
              16.4946828
            ],
            [
              80.4948816,
              16.4948873
            ]
          ]
        ]
      }
    },
    {
      "type": "Feature",
      "properties": {
        "osm_type": "way",
        "osm_id": 1255690399,
        "provenance": "EXTERNAL_MAP_REFERENCE",
        "building": "yes"
      },
      "geometry": {
        "type": "Polygon",
        "coordinates": [
          [
            [
              80.4954417,
              16.494838
            ],
            [
              80.4956184,
              16.4948226
            ],
            [
              80.495613,
              16.4947665
            ],
            [
              80.4956495,
              16.4947633
            ],
            [
              80.4956466,
              16.4947328
            ],
            [
              80.4957082,
              16.4947274
            ],
            [
              80.4956998,
              16.4946393
            ],
            [
              80.4956375,
              16.4946447
            ],
            [
              80.4955762,
              16.49465
            ],
            [
              80.4954251,
              16.4946632
            ],
            [
              80.4954417,
              16.494838
            ]
          ]
        ]
      }
    },
    {
      "type": "Feature",
      "properties": {
        "osm_type": "way",
        "osm_id": 1255690400,
        "provenance": "EXTERNAL_MAP_REFERENCE",
        "building": "yes"
      },
      "geometry": {
        "type": "Polygon",
        "coordinates": [
          [
            [
              80.4986908,
              16.4923051
            ],
            [
              80.498693,
              16.4922487
            ],
            [
              80.498474,
              16.492241
            ],
            [
              80.4984706,
              16.4923297
            ],
            [
              80.4986327,
              16.4923354
            ],
            [
              80.4986308,
              16.4923837
            ],
            [
              80.4986877,
              16.4923857
            ],
            [
              80.4986908,
              16.4923051
            ]
          ]
        ]
      }
    },
    {
      "type": "Feature",
      "properties": {
        "osm_type": "way",
        "osm_id": 1255690402,
        "provenance": "EXTERNAL_MAP_REFERENCE",
        "building": "yes"
      },
      "geometry": {
        "type": "Polygon",
        "coordinates": [
          [
            [
              80.4990055,
              16.490546
            ],
            [
              80.4991665,
              16.49051
            ],
            [
              80.4991449,
              16.4904212
            ],
            [
              80.4989839,
              16.4904572
            ],
            [
              80.4990055,
              16.490546
            ]
          ]
        ]
      }
    },
    {
      "type": "Feature",
      "properties": {
        "osm_type": "way",
        "osm_id": 1255690403,
        "provenance": "EXTERNAL_MAP_REFERENCE",
        "building": "yes"
      },
      "geometry": {
        "type": "Polygon",
        "coordinates": [
          [
            [
              80.4983959,
              16.490854
            ],
            [
              80.4984753,
              16.4908362
            ],
            [
              80.4984549,
              16.4907524
            ],
            [
              80.4983755,
              16.4907701
            ],
            [
              80.4983959,
              16.490854
            ]
          ]
        ]
      }
    },
    {
      "type": "Feature",
      "properties": {
        "osm_type": "way",
        "osm_id": 1255690404,
        "provenance": "EXTERNAL_MAP_REFERENCE",
        "building": "yes"
      },
      "geometry": {
        "type": "Polygon",
        "coordinates": [
          [
            [
              80.4987393,
              16.4908231
            ],
            [
              80.498806,
              16.4908082
            ],
            [
              80.4987768,
              16.4906881
            ],
            [
              80.4987101,
              16.490703
            ],
            [
              80.4987393,
              16.4908231
            ]
          ]
        ]
      }
    },
    {
      "type": "Feature",
      "properties": {
        "osm_type": "way",
        "osm_id": 1255690405,
        "provenance": "EXTERNAL_MAP_REFERENCE",
        "building": "yes"
      },
      "geometry": {
        "type": "Polygon",
        "coordinates": [
          [
            [
              80.4986997,
              16.4907041
            ],
            [
              80.4986212,
              16.4907217
            ],
            [
              80.4986501,
              16.4908405
            ],
            [
              80.4987286,
              16.4908229
            ],
            [
              80.4986997,
              16.4907041
            ]
          ]
        ]
      }
    },
    {
      "type": "Feature",
      "properties": {
        "osm_type": "way",
        "osm_id": 1255690406,
        "provenance": "EXTERNAL_MAP_REFERENCE",
        "building": "yes"
      },
      "geometry": {
        "type": "Polygon",
        "coordinates": [
          [
            [
              80.4985575,
              16.4908649
            ],
            [
              80.4986391,
              16.4908467
            ],
            [
              80.4986085,
              16.4907209
            ],
            [
              80.498527,
              16.4907391
            ],
            [
              80.4985575,
              16.4908649
            ]
          ]
        ]
      }
    },
    {
      "type": "Feature",
      "properties": {
        "osm_type": "way",
        "osm_id": 1255690408,
        "provenance": "EXTERNAL_MAP_REFERENCE",
        "building": "yes"
      },
      "geometry": {
        "type": "Polygon",
        "coordinates": [
          [
            [
              80.4983537,
              16.4907607
            ],
            [
              80.4985143,
              16.4907248
            ],
            [
              80.4984905,
              16.490627
            ],
            [
              80.4983299,
              16.4906629
            ],
            [
              80.4983537,
              16.4907607
            ]
          ]
        ]
      }
    },
    {
      "type": "Feature",
      "properties": {
        "osm_type": "way",
        "osm_id": 1255690409,
        "provenance": "EXTERNAL_MAP_REFERENCE",
        "building": "yes"
      },
      "geometry": {
        "type": "Polygon",
        "coordinates": [
          [
            [
              80.4983188,
              16.4906411
            ],
            [
              80.4984334,
              16.4906155
            ],
            [
              80.4983577,
              16.4903042
            ],
            [
              80.4982431,
              16.4903298
            ],
            [
              80.4983188,
              16.4906411
            ]
          ]
        ]
      }
    },
    {
      "type": "Feature",
      "properties": {
        "osm_type": "way",
        "osm_id": 1255690412,
        "provenance": "EXTERNAL_MAP_REFERENCE",
        "building": "yes"
      },
      "geometry": {
        "type": "Polygon",
        "coordinates": [
          [
            [
              80.4984986,
              16.4905894
            ],
            [
              80.4989358,
              16.4904917
            ],
            [
              80.4989115,
              16.490392
            ],
            [
              80.4984743,
              16.4904897
            ],
            [
              80.4984986,
              16.4905894
            ]
          ]
        ]
      }
    },
    {
      "type": "Feature",
      "properties": {
        "osm_type": "way",
        "osm_id": 1255690413,
        "provenance": "EXTERNAL_MAP_REFERENCE",
        "building": "yes"
      },
      "geometry": {
        "type": "Polygon",
        "coordinates": [
          [
            [
              80.498524,
              16.490699
            ],
            [
              80.4989612,
              16.4906013
            ],
            [
              80.498937,
              16.4905016
            ],
            [
              80.4984998,
              16.4905993
            ],
            [
              80.498524,
              16.490699
            ]
          ]
        ]
      }
    },
    {
      "type": "Feature",
      "properties": {
        "osm_type": "way",
        "osm_id": 1255690416,
        "provenance": "EXTERNAL_MAP_REFERENCE",
        "building": "yes"
      },
      "geometry": {
        "type": "Polygon",
        "coordinates": [
          [
            [
              80.4956346,
              16.4920202
            ],
            [
              80.495817,
              16.4918402
            ],
            [
              80.4955916,
              16.4916303
            ],
            [
              80.4954093,
              16.4918103
            ],
            [
              80.4956346,
              16.4920202
            ]
          ]
        ]
      }
    },
    {
      "type": "Feature",
      "properties": {
        "osm_type": "way",
        "osm_id": 1255690417,
        "provenance": "EXTERNAL_MAP_REFERENCE",
        "highway": "service"
      },
      "geometry": {
        "type": "LineString",
        "coordinates": [
          [
            80.5016475,
            16.492477
          ],
          [
            80.5016538,
            16.4932389
          ],
          [
            80.5016617,
            16.4939235
          ],
          [
            80.5016576,
            16.4941866
          ],
          [
            80.5016547,
            16.4944294
          ],
          [
            80.5009464,
            16.4944361
          ],
          [
            80.5004995,
            16.4946437
          ],
          [
            80.5001226,
            16.4948337
          ],
          [
            80.500006,
            16.4948834
          ],
          [
            80.5001817,
            16.4950142
          ],
          [
            80.5006871,
            16.4955066
          ],
          [
            80.5010426,
            16.495853
          ],
          [
            80.5010319,
            16.496449
          ],
          [
            80.5010705,
            16.4964864
          ],
          [
            80.5011206,
            16.4965349
          ],
          [
            80.5011333,
            16.4968223
          ]
        ]
      }
    },
    {
      "type": "Feature",
      "properties": {
        "osm_type": "way",
        "osm_id": 1255690418,
        "provenance": "EXTERNAL_MAP_REFERENCE",
        "building": "yes"
      },
      "geometry": {
        "type": "Polygon",
        "coordinates": [
          [
            [
              80.500583,
              16.4914509
            ],
            [
              80.5006666,
              16.4915288
            ],
            [
              80.5007632,
              16.4914335
            ],
            [
              80.5007524,
              16.4914442
            ],
            [
              80.5008143,
              16.4915018
            ],
            [
              80.5007752,
              16.4915405
            ],
            [
              80.5008664,
              16.4916254
            ],
            [
              80.5009154,
              16.4915771
            ],
            [
              80.5009571,
              16.491616
            ],
            [
              80.5010409,
              16.4915332
            ],
            [
              80.5007631,
              16.4912701
            ],
            [
              80.500583,
              16.4914509
            ]
          ]
        ]
      }
    },
    {
      "type": "Feature",
      "properties": {
        "osm_type": "way",
        "osm_id": 1255690419,
        "provenance": "EXTERNAL_MAP_REFERENCE",
        "building": "yes"
      },
      "geometry": {
        "type": "Polygon",
        "coordinates": [
          [
            [
              80.5010211,
              16.4916403
            ],
            [
              80.5011489,
              16.4917645
            ],
            [
              80.5012508,
              16.491668
            ],
            [
              80.501123,
              16.4915439
            ],
            [
              80.5010211,
              16.4916403
            ]
          ]
        ]
      }
    },
    {
      "type": "Feature",
      "properties": {
        "osm_type": "way",
        "osm_id": 1255690422,
        "provenance": "EXTERNAL_MAP_REFERENCE",
        "building": "yes",
        "power": "generator"
      },
      "geometry": {
        "type": "Polygon",
        "coordinates": [
          [
            [
              80.5015957,
              16.493128
            ],
            [
              80.5016033,
              16.4928158
            ],
            [
              80.5015032,
              16.4928136
            ],
            [
              80.5013488,
              16.4929569
            ],
            [
              80.5013448,
              16.4931224
            ],
            [
              80.5015957,
              16.493128
            ]
          ]
        ]
      }
    },
    {
      "type": "Feature",
      "properties": {
        "osm_type": "way",
        "osm_id": 1255690425,
        "provenance": "EXTERNAL_MAP_REFERENCE",
        "building": "yes"
      },
      "geometry": {
        "type": "Polygon",
        "coordinates": [
          [
            [
              80.4977743,
              16.496829
            ],
            [
              80.4980582,
              16.4968349
            ],
            [
              80.4980623,
              16.4966588
            ],
            [
              80.4977784,
              16.4966528
            ],
            [
              80.4977743,
              16.496829
            ]
          ]
        ]
      }
    },
    {
      "type": "Feature",
      "properties": {
        "osm_type": "way",
        "osm_id": 1255690426,
        "provenance": "EXTERNAL_MAP_REFERENCE",
        "building": "yes"
      },
      "geometry": {
        "type": "Polygon",
        "coordinates": [
          [
            [
              80.4995614,
              16.4970566
            ],
            [
              80.4995077,
              16.4969807
            ],
            [
              80.4994299,
              16.49691
            ],
            [
              80.499497,
              16.49682
            ],
            [
              80.4994407,
              16.496775
            ],
            [
              80.4993776,
              16.4967441
            ],
            [
              80.4992918,
              16.4967184
            ],
            [
              80.4992623,
              16.4969036
            ],
            [
              80.4993334,
              16.496937
            ],
            [
              80.499391,
              16.4969743
            ],
            [
              80.4994313,
              16.4970051
            ],
            [
              80.4994728,
              16.4970566
            ],
            [
              80.4994943,
              16.4970887
            ],
            [
              80.4995614,
              16.4970566
            ]
          ]
        ]
      }
    },
    {
      "type": "Feature",
      "properties": {
        "osm_type": "way",
        "osm_id": 1255690427,
        "provenance": "EXTERNAL_MAP_REFERENCE",
        "building": "yes"
      },
      "geometry": {
        "type": "Polygon",
        "coordinates": [
          [
            [
              80.4987641,
              16.497054
            ],
            [
              80.4988177,
              16.4969781
            ],
            [
              80.4988955,
              16.4969074
            ],
            [
              80.4988284,
              16.4968174
            ],
            [
              80.4988848,
              16.4967724
            ],
            [
              80.4989478,
              16.4967415
            ],
            [
              80.4990336,
              16.4967158
            ],
            [
              80.4990631,
              16.496901
            ],
            [
              80.4989921,
              16.4969344
            ],
            [
              80.4989344,
              16.4969717
            ],
            [
              80.4988942,
              16.4970026
            ],
            [
              80.4988526,
              16.497054
            ],
            [
              80.4988311,
              16.4970862
            ],
            [
              80.4987641,
              16.497054
            ]
          ]
        ]
      }
    },
    {
      "type": "Feature",
      "properties": {
        "osm_type": "way",
        "osm_id": 1255690428,
        "provenance": "EXTERNAL_MAP_REFERENCE",
        "building": "yes"
      },
      "geometry": {
        "type": "Polygon",
        "coordinates": [
          [
            [
              80.499137,
              16.4968591
            ],
            [
              80.4991966,
              16.4968588
            ],
            [
              80.4991963,
              16.4967925
            ],
            [
              80.4991367,
              16.4967928
            ],
            [
              80.499137,
              16.4968591
            ]
          ]
        ]
      }
    },
    {
      "type": "Feature",
      "properties": {
        "osm_type": "way",
        "osm_id": 1255690429,
        "provenance": "EXTERNAL_MAP_REFERENCE",
        "highway": "service"
      },
      "geometry": {
        "type": "LineString",
        "coordinates": [
          [
            80.4993984,
            16.4971196
          ],
          [
            80.4994143,
            16.4971354
          ]
        ]
      }
    },
    {
      "type": "Feature",
      "properties": {
        "osm_type": "way",
        "osm_id": 1255690430,
        "provenance": "EXTERNAL_MAP_REFERENCE",
        "highway": "service",
        "surface": "asphalt"
      },
      "geometry": {
        "type": "Polygon",
        "coordinates": [
          [
            [
              80.4993984,
              16.4971196
            ],
            [
              80.4989411,
              16.4971157
            ],
            [
              80.4989575,
              16.4970601
            ],
            [
              80.4990216,
              16.4969744
            ],
            [
              80.4991198,
              16.4969271
            ],
            [
              80.4992136,
              16.4969185
            ],
            [
              80.4992298,
              16.496929
            ],
            [
              80.4993262,
              16.4969797
            ],
            [
              80.499387,
              16.4970675
            ],
            [
              80.4993984,
              16.4971196
            ]
          ]
        ]
      }
    },
    {
      "type": "Feature",
      "properties": {
        "osm_type": "way",
        "osm_id": 1255690431,
        "provenance": "EXTERNAL_MAP_REFERENCE",
        "highway": "service"
      },
      "geometry": {
        "type": "LineString",
        "coordinates": [
          [
            80.4996584,
            16.497451
          ],
          [
            80.4994143,
            16.4971354
          ]
        ]
      }
    },
    {
      "type": "Feature",
      "properties": {
        "osm_type": "way",
        "osm_id": 1255690432,
        "provenance": "EXTERNAL_MAP_REFERENCE",
        "highway": "service",
        "surface": "asphalt"
      },
      "geometry": {
        "type": "LineString",
        "coordinates": [
          [
            80.4993383,
            16.49545
          ],
          [
            80.4992911,
            16.4954932
          ],
          [
            80.4992563,
            16.4955392
          ],
          [
            80.4992359,
            16.4955664
          ],
          [
            80.4992205,
            16.4956122
          ],
          [
            80.4992152,
            16.4957228
          ],
          [
            80.4992003,
            16.4965679
          ],
          [
            80.499203,
            16.4965783
          ],
          [
            80.4992368,
            16.4967114
          ],
          [
            80.4992136,
            16.4969185
          ]
        ]
      }
    },
    {
      "type": "Feature",
      "properties": {
        "osm_type": "way",
        "osm_id": 1255690433,
        "provenance": "EXTERNAL_MAP_REFERENCE",
        "highway": "service",
        "surface": "asphalt"
      },
      "geometry": {
        "type": "LineString",
        "coordinates": [
          [
            80.4990456,
            16.4954467
          ],
          [
            80.499098,
            16.4954813
          ],
          [
            80.4991342,
            16.4955186
          ],
          [
            80.4991434,
            16.4955379
          ],
          [
            80.4991557,
            16.4955636
          ],
          [
            80.4991651,
            16.4956189
          ],
          [
            80.4991615,
            16.4957228
          ],
          [
            80.4991475,
            16.4961317
          ],
          [
            80.4991444,
            16.4965788
          ],
          [
            80.4990976,
            16.4967112
          ],
          [
            80.4991205,
            16.496921
          ],
          [
            80.4991198,
            16.4969271
          ]
        ]
      }
    },
    {
      "type": "Feature",
      "properties": {
        "osm_type": "way",
        "osm_id": 1255690434,
        "provenance": "EXTERNAL_MAP_REFERENCE",
        "building": "yes"
      },
      "geometry": {
        "type": "Polygon",
        "coordinates": [
          [
            [
              80.5011713,
              16.4968431
            ],
            [
              80.501461,
              16.4968452
            ],
            [
              80.5014623,
              16.4966729
            ],
            [
              80.5011727,
              16.4966708
            ],
            [
              80.5011713,
              16.4968431
            ]
          ]
        ]
      }
    },
    {
      "type": "Feature",
      "properties": {
        "osm_type": "way",
        "osm_id": 1255690436,
        "provenance": "EXTERNAL_MAP_REFERENCE",
        "highway": "footway"
      },
      "geometry": {
        "type": "LineString",
        "coordinates": [
          [
            80.4993139,
            16.4948928
          ],
          [
            80.4993358,
            16.4948847
          ],
          [
            80.4993548,
            16.4948722
          ],
          [
            80.4993754,
            16.4948548
          ],
          [
            80.4994101,
            16.4948142
          ],
          [
            80.4994348,
            16.494769
          ],
          [
            80.4994373,
            16.4947608
          ],
          [
            80.4994498,
            16.4947199
          ],
          [
            80.4994545,
            16.4946691
          ],
          [
            80.4994488,
            16.4946183
          ],
          [
            80.4994328,
            16.4945695
          ],
          [
            80.4994073,
            16.4945247
          ],
          [
            80.4993731,
            16.4944855
          ],
          [
            80.4993316,
            16.4944535
          ],
          [
            80.4992844,
            16.4944298
          ],
          [
            80.4992333,
            16.4944154
          ],
          [
            80.4991815,
            16.4944073
          ],
          [
            80.4991273,
            16.4944164
          ],
          [
            80.4990764,
            16.4944317
          ],
          [
            80.4990297,
            16.4944562
          ],
          [
            80.4989888,
            16.4944889
          ],
          [
            80.4989554,
            16.4945287
          ],
          [
            80.4989307,
            16.494574
          ],
          [
            80.4989157,
            16.494623
          ],
          [
            80.498911,
            16.4946739
          ],
          [
            80.4989167,
            16.4947247
          ],
          [
            80.4989298,
            16.4947644
          ],
          [
            80.4989327,
            16.4947734
          ],
          [
            80.4989582,
            16.4948182
          ],
          [
            80.4989924,
            16.4948574
          ],
          [
            80.4990003,
            16.4948637
          ],
          [
            80.4990199,
            16.4948796
          ],
          [
            80.4990677,
            16.494905
          ]
        ]
      }
    },
    {
      "type": "Feature",
      "properties": {
        "osm_type": "way",
        "osm_id": 1255690437,
        "provenance": "EXTERNAL_MAP_REFERENCE",
        "highway": "footway"
      },
      "geometry": {
        "type": "LineString",
        "coordinates": [
          [
            80.4997511,
            16.495264
          ],
          [
            80.4995449,
            16.4950439
          ],
          [
            80.4993754,
            16.4948548
          ]
        ]
      }
    },
    {
      "type": "Feature",
      "properties": {
        "osm_type": "way",
        "osm_id": 1255690438,
        "provenance": "EXTERNAL_MAP_REFERENCE",
        "highway": "footway"
      },
      "geometry": {
        "type": "LineString",
        "coordinates": [
          [
            80.4986245,
            16.49524
          ],
          [
            80.4988239,
            16.4950606
          ],
          [
            80.4990003,
            16.4948637
          ]
        ]
      }
    },
    {
      "type": "Feature",
      "properties": {
        "osm_type": "way",
        "osm_id": 1255690439,
        "provenance": "EXTERNAL_MAP_REFERENCE",
        "building": "university",
        "building:levels": "11",
        "name": "CB"
      },
      "geometry": {
        "type": "Polygon",
        "coordinates": [
          [
            [
              80.4988722,
              16.4946723
            ],
            [
              80.4988725,
              16.4946126
            ],
            [
              80.4988861,
              16.4945687
            ],
            [
              80.4989098,
              16.4945232
            ],
            [
              80.4989393,
              16.494487
            ],
            [
              80.4989723,
              16.4944518
            ],
            [
              80.499013,
              16.4944231
            ],
            [
              80.4990493,
              16.4943988
            ],
            [
              80.4991051,
              16.4943763
            ],
            [
              80.4991523,
              16.4943619
            ],
            [
              80.4991792,
              16.4943606
            ],
            [
              80.4992005,
              16.4943597
            ],
            [
              80.4992519,
              16.4943627
            ],
            [
              80.4993014,
              16.494375
            ],
            [
              80.4993502,
              16.4943957
            ],
            [
              80.4993921,
              16.4944275
            ],
            [
              80.4994297,
              16.494459
            ],
            [
              80.4994585,
              16.4944962
            ],
            [
              80.4994789,
              16.4945282
            ],
            [
              80.4994943,
              16.4945602
            ],
            [
              80.4995083,
              16.4946213
            ],
            [
              80.4995125,
              16.4946843
            ],
            [
              80.4998619,
              16.494687
            ],
            [
              80.49986,
              16.4946053
            ],
            [
              80.4998518,
              16.4945388
            ],
            [
              80.4998292,
              16.4944501
            ],
            [
              80.4997969,
              16.4943789
            ],
            [
              80.4997564,
              16.4943097
            ],
            [
              80.4997065,
              16.4942512
            ],
            [
              80.4996302,
              16.4941742
            ],
            [
              80.4995338,
              16.4941068
            ],
            [
              80.4994274,
              16.4940583
            ],
            [
              80.4993172,
              16.4940308
            ],
            [
              80.4992059,
              16.4940201
            ],
            [
              80.4991883,
              16.4940209
            ],
            [
              80.4990937,
              16.4940251
            ],
            [
              80.4989625,
              16.4940601
            ],
            [
              80.4988606,
              16.4941073
            ],
            [
              80.4987679,
              16.4941679
            ],
            [
              80.4986862,
              16.4942442
            ],
            [
              80.4986144,
              16.4943393
            ],
            [
              80.4985609,
              16.4944449
            ],
            [
              80.4985289,
              16.4945575
            ],
            [
              80.4985179,
              16.4946737
            ],
            [
              80.4988722,
              16.4946723
            ]
          ]
        ]
      }
    },
    {
      "type": "Feature",
      "properties": {
        "osm_type": "way",
        "osm_id": 1255690442,
        "provenance": "EXTERNAL_MAP_REFERENCE",
        "highway": "service",
        "surface": "asphalt"
      },
      "geometry": {
        "type": "LineString",
        "coordinates": [
          [
            80.4993347,
            16.4938632
          ],
          [
            80.4994834,
            16.4938998
          ],
          [
            80.4996226,
            16.4939617
          ],
          [
            80.4997478,
            16.494047
          ],
          [
            80.4998546,
            16.4941527
          ],
          [
            80.4999045,
            16.4942187
          ],
          [
            80.4999472,
            16.4942892
          ],
          [
            80.4999822,
            16.4943636
          ],
          [
            80.5000092,
            16.4944409
          ],
          [
            80.5000279,
            16.4945205
          ],
          [
            80.5000387,
            16.4946115
          ],
          [
            80.5000386,
            16.4947031
          ],
          [
            80.5000277,
            16.4947942
          ],
          [
            80.500006,
            16.4948834
          ],
          [
            80.4999728,
            16.4949723
          ],
          [
            80.4999307,
            16.4950538
          ],
          [
            80.4998793,
            16.4951303
          ],
          [
            80.4998192,
            16.4952006
          ],
          [
            80.4997511,
            16.495264
          ],
          [
            80.4996888,
            16.4953111
          ],
          [
            80.4995239,
            16.495399
          ],
          [
            80.4994635,
            16.4954206
          ],
          [
            80.4994015,
            16.4954376
          ],
          [
            80.4993383,
            16.49545
          ],
          [
            80.4992408,
            16.4954599
          ],
          [
            80.4991428,
            16.4954588
          ],
          [
            80.4990456,
            16.4954467
          ],
          [
            80.49895,
            16.4954237
          ],
          [
            80.4988578,
            16.4953901
          ],
          [
            80.4987345,
            16.4953245
          ],
          [
            80.4986245,
            16.49524
          ],
          [
            80.4985503,
            16.4951631
          ],
          [
            80.4984872,
            16.4950775
          ],
          [
            80.4984362,
            16.4949849
          ],
          [
            80.4984176,
            16.4949417
          ],
          [
            80.4983882,
            16.4948516
          ],
          [
            80.49837,
            16.4947588
          ],
          [
            80.4983633,
            16.4946646
          ],
          [
            80.4983712,
            16.4945466
          ],
          [
            80.498397,
            16.494431
          ],
          [
            80.4984166,
            16.4943748
          ],
          [
            80.4984538,
            16.4942935
          ],
          [
            80.4985001,
            16.4942167
          ],
          [
            80.4986014,
            16.4940956
          ],
          [
            80.4987252,
            16.4939954
          ],
          [
            80.4988667,
            16.4939199
          ],
          [
            80.4990207,
            16.4938719
          ]
        ]
      }
    },
    {
      "type": "Feature",
      "properties": {
        "osm_type": "way",
        "osm_id": 1255690443,
        "provenance": "EXTERNAL_MAP_REFERENCE",
        "highway": "service"
      },
      "geometry": {
        "type": "LineString",
        "coordinates": [
          [
            80.4985001,
            16.4942167
          ],
          [
            80.4984587,
            16.4941753
          ],
          [
            80.4972671,
            16.4929965
          ],
          [
            80.4970057,
            16.4927555
          ]
        ]
      }
    },
    {
      "type": "Feature",
      "properties": {
        "osm_type": "way",
        "osm_id": 1271387143,
        "provenance": "EXTERNAL_MAP_REFERENCE",
        "highway": "service",
        "surface": "unpaved"
      },
      "geometry": {
        "type": "LineString",
        "coordinates": [
          [
            80.5035767,
            16.4931567
          ],
          [
            80.5035715,
            16.4933195
          ],
          [
            80.5035221,
            16.4934196
          ],
          [
            80.503475,
            16.4934579
          ],
          [
            80.5016576,
            16.4941866
          ]
        ]
      }
    },
    {
      "type": "Feature",
      "properties": {
        "osm_type": "way",
        "osm_id": 1296361350,
        "provenance": "EXTERNAL_MAP_REFERENCE",
        "highway": "tertiary",
        "name": "E8"
      },
      "geometry": {
        "type": "LineString",
        "coordinates": [
          [
            80.5037237,
            16.4974627
          ],
          [
            80.4996584,
            16.497451
          ],
          [
            80.4944874,
            16.4974337
          ]
        ]
      }
    },
    {
      "type": "Feature",
      "properties": {
        "osm_type": "way",
        "osm_id": 1296361351,
        "provenance": "EXTERNAL_MAP_REFERENCE",
        "construction": "secondary",
        "highway": "construction",
        "name": "N11"
      },
      "geometry": {
        "type": "LineString",
        "coordinates": [
          [
            80.4946371,
            16.4817033
          ],
          [
            80.494592,
            16.4856828
          ],
          [
            80.4944947,
            16.4943819
          ],
          [
            80.4944945,
            16.4944689
          ],
          [
            80.4944874,
            16.4974337
          ]
        ]
      }
    },
    {
      "type": "Feature",
      "properties": {
        "osm_type": "way",
        "osm_id": 1321555307,
        "provenance": "EXTERNAL_MAP_REFERENCE",
        "addr:housenumber": "Food Street",
        "amenity": "food_court",
        "building": "yes",
        "name": "Food Street"
      },
      "geometry": {
        "type": "Polygon",
        "coordinates": [
          [
            [
              80.4984297,
              16.4939579
            ],
            [
              80.4982159,
              16.4937434
            ],
            [
              80.4980485,
              16.4935756
            ],
            [
              80.4982616,
              16.4933803
            ],
            [
              80.4986427,
              16.4937627
            ],
            [
              80.4985872,
              16.4938136
            ],
            [
              80.498501,
              16.4938926
            ],
            [
              80.4984297,
              16.4939579
            ]
          ]
        ]
      }
    },
    {
      "type": "Feature",
      "properties": {
        "osm_type": "way",
        "osm_id": 1322830417,
        "provenance": "EXTERNAL_MAP_REFERENCE",
        "building": "yes"
      },
      "geometry": {
        "type": "Polygon",
        "coordinates": [
          [
            [
              80.4964119,
              16.4931389
            ],
            [
              80.4963365,
              16.493063
            ],
            [
              80.4964312,
              16.4929765
            ],
            [
              80.4965077,
              16.4930536
            ],
            [
              80.4964731,
              16.4930851
            ],
            [
              80.4964474,
              16.4930592
            ],
            [
              80.496417,
              16.4930869
            ],
            [
              80.4964417,
              16.4931118
            ],
            [
              80.4964119,
              16.4931389
            ]
          ]
        ]
      }
    },
    {
      "type": "Feature",
      "properties": {
        "osm_type": "way",
        "osm_id": 1322830419,
        "provenance": "EXTERNAL_MAP_REFERENCE",
        "building": "yes"
      },
      "geometry": {
        "type": "Polygon",
        "coordinates": [
          [
            [
              80.4967076,
              16.4928913
            ],
            [
              80.4966193,
              16.4928066
            ],
            [
              80.4966557,
              16.4927717
            ],
            [
              80.4966172,
              16.4927347
            ],
            [
              80.4966688,
              16.4926852
            ],
            [
              80.4967156,
              16.4927301
            ],
            [
              80.4967618,
              16.4926859
            ],
            [
              80.4967393,
              16.4926643
            ],
            [
              80.4967692,
              16.4926357
            ],
            [
              80.4968718,
              16.4927342
            ],
            [
              80.4967897,
              16.4928129
            ],
            [
              80.4967583,
              16.4927829
            ],
            [
              80.4967173,
              16.4928222
            ],
            [
              80.4967485,
              16.4928521
            ],
            [
              80.4967076,
              16.4928913
            ]
          ]
        ]
      }
    },
    {
      "type": "Feature",
      "properties": {
        "osm_type": "way",
        "osm_id": 1322836026,
        "provenance": "EXTERNAL_MAP_REFERENCE",
        "building": "yes"
      },
      "geometry": {
        "type": "Polygon",
        "coordinates": [
          [
            [
              80.4969943,
              16.4916051
            ],
            [
              80.4972066,
              16.4916099
            ],
            [
              80.4972086,
              16.4915315
            ],
            [
              80.4969962,
              16.4915266
            ],
            [
              80.4969943,
              16.4916051
            ]
          ]
        ]
      }
    },
    {
      "type": "Feature",
      "properties": {
        "osm_type": "way",
        "osm_id": 1332493116,
        "provenance": "EXTERNAL_MAP_REFERENCE",
        "highway": "service"
      },
      "geometry": {
        "type": "LineString",
        "coordinates": [
          [
            80.4956652,
            16.4914173
          ],
          [
            80.496229,
            16.491967
          ]
        ]
      }
    },
    {
      "type": "Feature",
      "properties": {
        "osm_type": "way",
        "osm_id": 1332493117,
        "provenance": "EXTERNAL_MAP_REFERENCE",
        "highway": "track"
      },
      "geometry": {
        "type": "LineString",
        "coordinates": [
          [
            80.4969028,
            16.4914285
          ],
          [
            80.4956652,
            16.4914173
          ],
          [
            80.494904,
            16.4914173
          ],
          [
            80.4948736,
            16.4914262
          ],
          [
            80.4948643,
            16.4914509
          ],
          [
            80.494862,
            16.4914844
          ],
          [
            80.4948643,
            16.4918651
          ],
          [
            80.4948583,
            16.4935523
          ],
          [
            80.4948573,
            16.493842
          ],
          [
            80.4948643,
            16.4941734
          ],
          [
            80.494869,
            16.4944219
          ]
        ]
      }
    },
    {
      "type": "Feature",
      "properties": {
        "osm_type": "way",
        "osm_id": 1332493118,
        "provenance": "EXTERNAL_MAP_REFERENCE",
        "highway": "service"
      },
      "geometry": {
        "type": "LineString",
        "coordinates": [
          [
            80.494869,
            16.4944219
          ],
          [
            80.4946802,
            16.4944354
          ],
          [
            80.4944945,
            16.4944689
          ]
        ]
      }
    },
    {
      "type": "Feature",
      "properties": {
        "osm_type": "way",
        "osm_id": 1332493122,
        "provenance": "EXTERNAL_MAP_REFERENCE",
        "highway": "service"
      },
      "geometry": {
        "type": "LineString",
        "coordinates": [
          [
            80.4950104,
            16.4944267
          ],
          [
            80.4949998,
            16.4948824
          ]
        ]
      }
    },
    {
      "type": "Feature",
      "properties": {
        "osm_type": "way",
        "osm_id": 1332493123,
        "provenance": "EXTERNAL_MAP_REFERENCE",
        "highway": "service"
      },
      "geometry": {
        "type": "LineString",
        "coordinates": [
          [
            80.4949998,
            16.4948824
          ],
          [
            80.4952316,
            16.4949587
          ],
          [
            80.4953325,
            16.4949689
          ],
          [
            80.4955023,
            16.4949723
          ],
          [
            80.4958244,
            16.4949672
          ],
          [
            80.4967411,
            16.4949774
          ],
          [
            80.4969339,
            16.4949757
          ],
          [
            80.4969941,
            16.4949655
          ],
          [
            80.4970649,
            16.4949367
          ],
          [
            80.4970914,
            16.4949129
          ],
          [
            80.4971198,
            16.4948722
          ],
          [
            80.497141,
            16.4948349
          ]
        ]
      }
    },
    {
      "type": "Feature",
      "properties": {
        "osm_type": "way",
        "osm_id": 1332493124,
        "provenance": "EXTERNAL_MAP_REFERENCE",
        "highway": "service"
      },
      "geometry": {
        "type": "LineString",
        "coordinates": [
          [
            80.4971109,
            16.4944461
          ],
          [
            80.4971268,
            16.4946788
          ],
          [
            80.497141,
            16.4948349
          ],
          [
            80.4971569,
            16.4948841
          ],
          [
            80.4971711,
            16.4949146
          ],
          [
            80.497187,
            16.4949485
          ]
        ]
      }
    },
    {
      "type": "Feature",
      "properties": {
        "osm_type": "way",
        "osm_id": 1332493128,
        "provenance": "EXTERNAL_MAP_REFERENCE",
        "highway": "service"
      },
      "geometry": {
        "type": "LineString",
        "coordinates": [
          [
            80.4970057,
            16.4927555
          ],
          [
            80.497058,
            16.4927067
          ],
          [
            80.4974137,
            16.4923749
          ],
          [
            80.4978999,
            16.4919108
          ],
          [
            80.498347,
            16.4914268
          ]
        ]
      }
    },
    {
      "type": "Feature",
      "properties": {
        "osm_type": "way",
        "osm_id": 1332493129,
        "provenance": "EXTERNAL_MAP_REFERENCE",
        "highway": "service"
      },
      "geometry": {
        "type": "LineString",
        "coordinates": [
          [
            80.4976228,
            16.4944409
          ],
          [
            80.4976242,
            16.4956636
          ]
        ]
      }
    },
    {
      "type": "Feature",
      "properties": {
        "osm_type": "way",
        "osm_id": 1339127382,
        "provenance": "EXTERNAL_MAP_REFERENCE",
        "highway": "tertiary",
        "name": "N11"
      },
      "geometry": {
        "type": "LineString",
        "coordinates": [
          [
            80.4944874,
            16.4974337
          ],
          [
            80.4944862,
            16.4994572
          ],
          [
            80.4944862,
            16.4995186
          ]
        ]
      }
    },
    {
      "type": "Feature",
      "properties": {
        "osm_type": "way",
        "osm_id": 1434460208,
        "provenance": "EXTERNAL_MAP_REFERENCE",
        "building": "dormitory",
        "internet_access": "wlan",
        "name": "MH-1"
      },
      "geometry": {
        "type": "Polygon",
        "coordinates": [
          [
            [
              80.5004488,
              16.4943083
            ],
            [
              80.5004496,
              16.4942033
            ],
            [
              80.5005464,
              16.494204
            ],
            [
              80.5005468,
              16.4941597
            ],
            [
              80.5004511,
              16.494159
            ],
            [
              80.5004522,
              16.4940268
            ],
            [
              80.5007719,
              16.4940292
            ],
            [
              80.5007716,
              16.4940683
            ],
            [
              80.5008557,
              16.494069
            ],
            [
              80.500854,
              16.4942798
            ],
            [
              80.500777,
              16.4942792
            ],
            [
              80.5007768,
              16.4943107
            ],
            [
              80.5004488,
              16.4943083
            ]
          ]
        ]
      }
    },
    {
      "type": "Feature",
      "properties": {
        "osm_type": "way",
        "osm_id": 1434460210,
        "provenance": "EXTERNAL_MAP_REFERENCE",
        "building": "dormitory",
        "name": "MH-2"
      },
      "geometry": {
        "type": "Polygon",
        "coordinates": [
          [
            [
              80.5011741,
              16.4936251
            ],
            [
              80.5011763,
              16.4934845
            ],
            [
              80.5012801,
              16.493486
            ],
            [
              80.5012806,
              16.493456
            ],
            [
              80.5011854,
              16.4934547
            ],
            [
              80.5011881,
              16.4932792
            ],
            [
              80.5013117,
              16.493281
            ],
            [
              80.5013104,
              16.4933634
            ],
            [
              80.5013452,
              16.4933639
            ],
            [
              80.5013464,
              16.493282
            ],
            [
              80.5014731,
              16.4932837
            ],
            [
              80.5014706,
              16.4934525
            ],
            [
              80.5013653,
              16.493451
            ],
            [
              80.5013647,
              16.49349
            ],
            [
              80.5014715,
              16.4934915
            ],
            [
              80.5014698,
              16.4936063
            ],
            [
              80.5013697,
              16.4936049
            ],
            [
              80.5013692,
              16.4936347
            ],
            [
              80.5013895,
              16.493635
            ],
            [
              80.501389,
              16.4936625
            ],
            [
              80.5014318,
              16.4936631
            ],
            [
              80.5014307,
              16.4937331
            ],
            [
              80.5013765,
              16.4937323
            ],
            [
              80.5013761,
              16.4937588
            ],
            [
              80.5012637,
              16.4937572
            ],
            [
              80.501264,
              16.4937318
            ],
            [
              80.5012071,
              16.493731
            ],
            [
              80.5012082,
              16.4936575
            ],
            [
              80.5012791,
              16.4936585
            ],
            [
              80.5012796,
              16.4936266
            ],
            [
              80.5011741,
              16.4936251
            ]
          ]
        ]
      }
    },
    {
      "type": "Feature",
      "properties": {
        "osm_type": "way",
        "osm_id": 1434460214,
        "provenance": "EXTERNAL_MAP_REFERENCE",
        "building": "dormitory",
        "name": "MH-3"
      },
      "geometry": {
        "type": "Polygon",
        "coordinates": [
          [
            [
              80.5011795,
              16.4923957
            ],
            [
              80.5015742,
              16.492399
            ],
            [
              80.5015755,
              16.4922637
            ],
            [
              80.5015231,
              16.4922633
            ],
            [
              80.5015249,
              16.4920586
            ],
            [
              80.5014998,
              16.4920584
            ],
            [
              80.5015008,
              16.491944
            ],
            [
              80.5014506,
              16.4919436
            ],
            [
              80.501451,
              16.4918928
            ],
            [
              80.5012963,
              16.4918916
            ],
            [
              80.5012958,
              16.4919409
            ],
            [
              80.5012499,
              16.4919405
            ],
            [
              80.501249,
              16.4920482
            ],
            [
              80.5012243,
              16.492048
            ],
            [
              80.5012224,
              16.4922621
            ],
            [
              80.5011807,
              16.4922618
            ],
            [
              80.5011795,
              16.4923957
            ]
          ]
        ]
      }
    },
    {
      "type": "Feature",
      "properties": {
        "osm_type": "way",
        "osm_id": 1434460216,
        "provenance": "EXTERNAL_MAP_REFERENCE",
        "highway": "service"
      },
      "geometry": {
        "type": "LineString",
        "coordinates": [
          [
            80.501229,
            16.492883
          ],
          [
            80.5011758,
            16.4928405
          ],
          [
            80.5007897,
            16.4924732
          ],
          [
            80.5003201,
            16.4920264
          ],
          [
            80.4999411,
            16.4916658
          ]
        ]
      }
    },
    {
      "type": "Feature",
      "properties": {
        "osm_type": "way",
        "osm_id": 1434478794,
        "provenance": "EXTERNAL_MAP_REFERENCE",
        "highway": "footway"
      },
      "geometry": {
        "type": "LineString",
        "coordinates": [
          [
            80.4995211,
            16.4960288
          ],
          [
            80.4996583,
            16.4959819
          ],
          [
            80.4996706,
            16.4959049
          ],
          [
            80.4998091,
            16.4957611
          ],
          [
            80.4997397,
            16.4953752
          ]
        ]
      }
    },
    {
      "type": "Feature",
      "properties": {
        "osm_type": "way",
        "osm_id": 1434478795,
        "provenance": "EXTERNAL_MAP_REFERENCE",
        "highway": "footway"
      },
      "geometry": {
        "type": "LineString",
        "coordinates": [
          [
            80.4999716,
            16.4962681
          ],
          [
            80.5000586,
            16.4963175
          ],
          [
            80.5001419,
            16.496336
          ],
          [
            80.5002082,
            16.49632
          ],
          [
            80.5002983,
            16.4962826
          ],
          [
            80.5003579,
            16.4962394
          ],
          [
            80.5003892,
            16.4961699
          ],
          [
            80.500371,
            16.4960733
          ],
          [
            80.500313,
            16.4958295
          ],
          [
            80.5000087,
            16.4958391
          ],
          [
            80.4999809,
            16.4958673
          ],
          [
            80.4999363,
            16.4958832
          ],
          [
            80.4998356,
            16.4960969
          ]
        ]
      }
    },
    {
      "type": "Feature",
      "properties": {
        "osm_type": "way",
        "osm_id": 1434478796,
        "provenance": "EXTERNAL_MAP_REFERENCE",
        "highway": "footway"
      },
      "geometry": {
        "type": "LineString",
        "coordinates": [
          [
            80.5000087,
            16.4958391
          ],
          [
            80.4999898,
            16.4958176
          ],
          [
            80.4998091,
            16.4957611
          ]
        ]
      }
    },
    {
      "type": "Feature",
      "properties": {
        "osm_type": "way",
        "osm_id": 1434478797,
        "provenance": "EXTERNAL_MAP_REFERENCE",
        "footway": "sidewalk",
        "highway": "footway"
      },
      "geometry": {
        "type": "LineString",
        "coordinates": [
          [
            80.499048,
            16.4955491
          ],
          [
            80.4990707,
            16.4955765
          ],
          [
            80.4990852,
            16.4956092
          ],
          [
            80.4990851,
            16.4957227
          ],
          [
            80.4990846,
            16.4961266
          ],
          [
            80.4990773,
            16.4964449
          ],
          [
            80.4990591,
            16.4964806
          ],
          [
            80.499038,
            16.4965007
          ],
          [
            80.4990078,
            16.4965172
          ],
          [
            80.4989755,
            16.4965226
          ],
          [
            80.4989617,
            16.4965804
          ]
        ]
      }
    },
    {
      "type": "Feature",
      "properties": {
        "osm_type": "way",
        "osm_id": 1434478798,
        "provenance": "EXTERNAL_MAP_REFERENCE",
        "footway": "sidewalk",
        "highway": "footway"
      },
      "geometry": {
        "type": "LineString",
        "coordinates": [
          [
            80.4981921,
            16.4965756
          ],
          [
            80.4988682,
            16.4965812
          ],
          [
            80.4989617,
            16.4965804
          ],
          [
            80.4991444,
            16.4965788
          ],
          [
            80.499203,
            16.4965783
          ],
          [
            80.4992514,
            16.4965779
          ],
          [
            80.4993719,
            16.4965784
          ],
          [
            80.500367,
            16.4965826
          ],
          [
            80.5003992,
            16.4965671
          ],
          [
            80.5004027,
            16.4965292
          ],
          [
            80.5004403,
            16.4965095
          ],
          [
            80.5008988,
            16.4965142
          ],
          [
            80.5009311,
            16.4964814
          ],
          [
            80.5010705,
            16.4964864
          ],
          [
            80.5011115,
            16.4964879
          ],
          [
            80.501112,
            16.4964514
          ],
          [
            80.5010929,
            16.4963553
          ],
          [
            80.50109,
            16.4958505
          ],
          [
            80.5010836,
            16.4958195
          ],
          [
            80.501067,
            16.4957863
          ],
          [
            80.5010513,
            16.4957661
          ],
          [
            80.5002318,
            16.4949766
          ],
          [
            80.5001934,
            16.4949224
          ],
          [
            80.5001323,
            16.4948479
          ],
          [
            80.5001226,
            16.4948337
          ],
          [
            80.5001054,
            16.4948085
          ],
          [
            80.5000958,
            16.4947791
          ],
          [
            80.5000942,
            16.49458
          ],
          [
            80.5000793,
            16.4945173
          ],
          [
            80.5000506,
            16.4943969
          ],
          [
            80.4999669,
            16.4942271
          ],
          [
            80.4998865,
            16.4941273
          ],
          [
            80.4998622,
            16.4940971
          ],
          [
            80.4998472,
            16.4940785
          ],
          [
            80.499697,
            16.493958
          ],
          [
            80.4995233,
            16.4938712
          ],
          [
            80.4993343,
            16.4938223
          ],
          [
            80.4991804,
            16.4938153
          ],
          [
            80.4991386,
            16.4938134
          ],
          [
            80.4989456,
            16.493845
          ],
          [
            80.4987641,
            16.4939156
          ],
          [
            80.4986027,
            16.4940219
          ],
          [
            80.4985736,
            16.4940517
          ],
          [
            80.4984688,
            16.494159
          ],
          [
            80.4984587,
            16.4941753
          ],
          [
            80.4983688,
            16.4943204
          ],
          [
            80.4983303,
            16.4944319
          ],
          [
            80.4983073,
            16.4944987
          ],
          [
            80.498288,
            16.4946776
          ],
          [
            80.4982871,
            16.4946855
          ],
          [
            80.4983139,
            16.4948721
          ],
          [
            80.4982816,
            16.4950098
          ]
        ]
      }
    },
    {
      "type": "Feature",
      "properties": {
        "osm_type": "way",
        "osm_id": 1434478800,
        "provenance": "EXTERNAL_MAP_REFERENCE",
        "highway": "footway"
      },
      "geometry": {
        "type": "LineString",
        "coordinates": [
          [
            80.4997511,
            16.495264
          ],
          [
            80.4998576,
            16.4952732
          ]
        ]
      }
    },
    {
      "type": "Feature",
      "properties": {
        "osm_type": "way",
        "osm_id": 1434478802,
        "provenance": "EXTERNAL_MAP_REFERENCE",
        "highway": "footway"
      },
      "geometry": {
        "type": "LineString",
        "coordinates": [
          [
            80.4997397,
            16.4953752
          ],
          [
            80.4996888,
            16.4953111
          ]
        ]
      }
    },
    {
      "type": "Feature",
      "properties": {
        "osm_type": "way",
        "osm_id": 1434478804,
        "provenance": "EXTERNAL_MAP_REFERENCE",
        "highway": "footway"
      },
      "geometry": {
        "type": "LineString",
        "coordinates": [
          [
            80.4990846,
            16.4961266
          ],
          [
            80.4987169,
            16.4960433
          ],
          [
            80.4986151,
            16.4959298
          ],
          [
            80.4985517,
            16.495863
          ],
          [
            80.4985554,
            16.4958057
          ],
          [
            80.4985447,
            16.4957001
          ],
          [
            80.4983706,
            16.4956416
          ],
          [
            80.4981756,
            16.4958141
          ],
          [
            80.4979922,
            16.4959763
          ],
          [
            80.4980455,
            16.4961287
          ],
          [
            80.4978061,
            16.4962058
          ]
        ]
      }
    },
    {
      "type": "Feature",
      "properties": {
        "osm_type": "way",
        "osm_id": 1434478805,
        "provenance": "EXTERNAL_MAP_REFERENCE",
        "highway": "footway"
      },
      "geometry": {
        "type": "LineString",
        "coordinates": [
          [
            80.4985447,
            16.4957001
          ],
          [
            80.4986701,
            16.495404
          ]
        ]
      }
    },
    {
      "type": "Feature",
      "properties": {
        "osm_type": "way",
        "osm_id": 1434890457,
        "provenance": "EXTERNAL_MAP_REFERENCE",
        "building": "dormitory",
        "name": "MH-6"
      },
      "geometry": {
        "type": "Polygon",
        "coordinates": [
          [
            [
              80.4993372,
              16.4918483
            ],
            [
              80.4999361,
              16.4924323
            ],
            [
              80.5000516,
              16.4923234
            ],
            [
              80.4998367,
              16.4921139
            ],
            [
              80.4998981,
              16.4920559
            ],
            [
              80.5001101,
              16.4922627
            ],
            [
              80.5002163,
              16.4921626
            ],
            [
              80.4996175,
              16.4915783
            ],
            [
              80.4995092,
              16.4916804
            ],
            [
              80.4997255,
              16.4918915
            ],
            [
              80.4996687,
              16.491945
            ],
            [
              80.4994553,
              16.4917369
            ],
            [
              80.4993372,
              16.4918483
            ]
          ]
        ]
      }
    },
    {
      "type": "Feature",
      "properties": {
        "osm_type": "way",
        "osm_id": 1434890463,
        "provenance": "EXTERNAL_MAP_REFERENCE",
        "highway": "service"
      },
      "geometry": {
        "type": "LineString",
        "coordinates": [
          [
            80.5011165,
            16.4939252
          ],
          [
            80.5011257,
            16.4935992
          ],
          [
            80.5011314,
            16.4933877
          ],
          [
            80.5011355,
            16.4932337
          ],
          [
            80.5016538,
            16.4932389
          ]
        ]
      }
    },
    {
      "type": "Feature",
      "properties": {
        "osm_type": "way",
        "osm_id": 1434890464,
        "provenance": "EXTERNAL_MAP_REFERENCE",
        "highway": "service"
      },
      "geometry": {
        "type": "LineString",
        "coordinates": [
          [
            80.5002249,
            16.4938592
          ],
          [
            80.5003965,
            16.493976
          ],
          [
            80.5009421,
            16.4939729
          ]
        ]
      }
    },
    {
      "type": "Feature",
      "properties": {
        "osm_type": "way",
        "osm_id": 1434890466,
        "provenance": "EXTERNAL_MAP_REFERENCE",
        "highway": "service"
      },
      "geometry": {
        "type": "LineString",
        "coordinates": [
          [
            80.5000279,
            16.4945205
          ],
          [
            80.5000793,
            16.4945173
          ],
          [
            80.5003972,
            16.4944889
          ],
          [
            80.5004995,
            16.4946437
          ]
        ]
      }
    },
    {
      "type": "Feature",
      "properties": {
        "osm_type": "way",
        "osm_id": 1434890474,
        "provenance": "EXTERNAL_MAP_REFERENCE",
        "highway": "footway"
      },
      "geometry": {
        "type": "LineString",
        "coordinates": [
          [
            80.4995449,
            16.4950439
          ],
          [
            80.4997827,
            16.4949299
          ],
          [
            80.4999728,
            16.4949723
          ]
        ]
      }
    },
    {
      "type": "Feature",
      "properties": {
        "osm_type": "way",
        "osm_id": 1434890476,
        "provenance": "EXTERNAL_MAP_REFERENCE",
        "highway": "footway"
      },
      "geometry": {
        "type": "LineString",
        "coordinates": [
          [
            80.5006721,
            16.4955232
          ],
          [
            80.5006871,
            16.4955066
          ]
        ]
      }
    },
    {
      "type": "Feature",
      "properties": {
        "osm_type": "way",
        "osm_id": 1434890477,
        "provenance": "EXTERNAL_MAP_REFERENCE",
        "highway": "footway"
      },
      "geometry": {
        "type": "LineString",
        "coordinates": [
          [
            80.4983633,
            16.4946646
          ],
          [
            80.498288,
            16.4946776
          ],
          [
            80.4982196,
            16.4946894
          ],
          [
            80.4981484,
            16.4947229
          ]
        ]
      }
    },
    {
      "type": "Feature",
      "properties": {
        "osm_type": "way",
        "osm_id": 1434890478,
        "provenance": "EXTERNAL_MAP_REFERENCE",
        "highway": "footway"
      },
      "geometry": {
        "type": "LineString",
        "coordinates": [
          [
            80.4982828,
            16.4950686
          ],
          [
            80.4981765,
            16.4949556
          ],
          [
            80.4982196,
            16.4946894
          ]
        ]
      }
    },
    {
      "type": "Feature",
      "properties": {
        "osm_type": "way",
        "osm_id": 1434890479,
        "provenance": "EXTERNAL_MAP_REFERENCE",
        "highway": "footway"
      },
      "geometry": {
        "type": "LineString",
        "coordinates": [
          [
            80.49804,
            16.4949559
          ],
          [
            80.4981264,
            16.4949535
          ],
          [
            80.4981765,
            16.4949556
          ]
        ]
      }
    },
    {
      "type": "Feature",
      "properties": {
        "osm_type": "way",
        "osm_id": 1434890480,
        "provenance": "EXTERNAL_MAP_REFERENCE",
        "highway": "footway"
      },
      "geometry": {
        "type": "LineString",
        "coordinates": [
          [
            80.4980171,
            16.4953217
          ],
          [
            80.4978958,
            16.4951934
          ],
          [
            80.4978724,
            16.4951556
          ],
          [
            80.4978168,
            16.4951584
          ]
        ]
      }
    },
    {
      "type": "Feature",
      "properties": {
        "osm_type": "way",
        "osm_id": 1434890481,
        "provenance": "EXTERNAL_MAP_REFERENCE",
        "highway": "footway"
      },
      "geometry": {
        "type": "LineString",
        "coordinates": [
          [
            80.4978958,
            16.4951934
          ],
          [
            80.4980135,
            16.4951147
          ],
          [
            80.4981264,
            16.4949535
          ]
        ]
      }
    },
    {
      "type": "Feature",
      "properties": {
        "osm_type": "way",
        "osm_id": 1434890482,
        "provenance": "EXTERNAL_MAP_REFERENCE",
        "highway": "corridor",
        "indoor": "yes"
      },
      "geometry": {
        "type": "LineString",
        "coordinates": [
          [
            80.5006645,
            16.4960857
          ],
          [
            80.5007302,
            16.4959157
          ],
          [
            80.5004869,
            16.4956789
          ],
          [
            80.5002617,
            16.4954563
          ],
          [
            80.5000685,
            16.49551
          ]
        ]
      }
    },
    {
      "type": "Feature",
      "properties": {
        "osm_type": "way",
        "osm_id": 1434890483,
        "provenance": "EXTERNAL_MAP_REFERENCE",
        "highway": "corridor",
        "indoor": "yes",
        "layer": "-1"
      },
      "geometry": {
        "type": "LineString",
        "coordinates": [
          [
            80.5003563,
            16.4957887
          ],
          [
            80.5004869,
            16.4956789
          ],
          [
            80.5006721,
            16.4955232
          ]
        ]
      }
    },
    {
      "type": "Feature",
      "properties": {
        "osm_type": "way",
        "osm_id": 1434890484,
        "provenance": "EXTERNAL_MAP_REFERENCE",
        "highway": "corridor",
        "indoor": "yes"
      },
      "geometry": {
        "type": "LineString",
        "coordinates": [
          [
            80.4978456,
            16.4960988
          ],
          [
            80.4977623,
            16.495878
          ],
          [
            80.4980305,
            16.4956565
          ],
          [
            80.4982774,
            16.4954317
          ],
          [
            80.4985063,
            16.4955122
          ]
        ]
      }
    },
    {
      "type": "Feature",
      "properties": {
        "osm_type": "way",
        "osm_id": 1434890485,
        "provenance": "EXTERNAL_MAP_REFERENCE",
        "highway": "corridor",
        "indoor": "yes"
      },
      "geometry": {
        "type": "LineString",
        "coordinates": [
          [
            80.4978657,
            16.4954814
          ],
          [
            80.4980305,
            16.4956565
          ],
          [
            80.4981454,
            16.4957806
          ]
        ]
      }
    },
    {
      "type": "Feature",
      "properties": {
        "osm_type": "way",
        "osm_id": 1434890487,
        "provenance": "EXTERNAL_MAP_REFERENCE",
        "highway": "footway"
      },
      "geometry": {
        "type": "LineString",
        "coordinates": [
          [
            80.4972671,
            16.4929965
          ],
          [
            80.4973093,
            16.4929571
          ],
          [
            80.4973786,
            16.4928923
          ]
        ]
      }
    },
    {
      "type": "Feature",
      "properties": {
        "osm_type": "way",
        "osm_id": 1434890491,
        "provenance": "EXTERNAL_MAP_REFERENCE",
        "highway": "corridor",
        "indoor": "yes"
      },
      "geometry": {
        "type": "LineString",
        "coordinates": [
          [
            80.4991792,
            16.4943606
          ],
          [
            80.4991844,
            16.4941655
          ],
          [
            80.4991883,
            16.4940209
          ]
        ]
      }
    },
    {
      "type": "Feature",
      "properties": {
        "osm_type": "way",
        "osm_id": 1434890492,
        "provenance": "EXTERNAL_MAP_REFERENCE",
        "highway": "footway"
      },
      "geometry": {
        "type": "LineString",
        "coordinates": [
          [
            80.4984176,
            16.4949417
          ],
          [
            80.4986909,
            16.494916
          ],
          [
            80.4988239,
            16.4950606
          ]
        ]
      }
    },
    {
      "type": "Feature",
      "properties": {
        "osm_type": "way",
        "osm_id": 1434890493,
        "provenance": "EXTERNAL_MAP_REFERENCE",
        "highway": "footway"
      },
      "geometry": {
        "type": "LineString",
        "coordinates": [
          [
            80.5007816,
            16.4935792
          ],
          [
            80.5011257,
            16.4935992
          ]
        ]
      }
    },
    {
      "type": "Feature",
      "properties": {
        "osm_type": "way",
        "osm_id": 1434899669,
        "provenance": "EXTERNAL_MAP_REFERENCE",
        "highway": "footway"
      },
      "geometry": {
        "type": "LineString",
        "coordinates": [
          [
            80.500313,
            16.4958295
          ],
          [
            80.5003563,
            16.4957887
          ]
        ]
      }
    },
    {
      "type": "Feature",
      "properties": {
        "osm_type": "way",
        "osm_id": 1434902224,
        "provenance": "EXTERNAL_MAP_REFERENCE",
        "highway": "service"
      },
      "geometry": {
        "type": "LineString",
        "coordinates": [
          [
            80.4998546,
            16.4941527
          ],
          [
            80.4998865,
            16.4941273
          ],
          [
            80.5002249,
            16.4938592
          ],
          [
            80.5008419,
            16.4932593
          ],
          [
            80.501229,
            16.492883
          ],
          [
            80.5015818,
            16.492547
          ],
          [
            80.5016475,
            16.492477
          ],
          [
            80.5016451,
            16.4918528
          ],
          [
            80.5016453,
            16.4912878
          ],
          [
            80.5016249,
            16.4912396
          ],
          [
            80.5015691,
            16.4912152
          ],
          [
            80.5012238,
            16.4912178
          ],
          [
            80.5007877,
            16.4912151
          ]
        ]
      }
    },
    {
      "type": "Feature",
      "properties": {
        "osm_type": "way",
        "osm_id": 1434908865,
        "provenance": "EXTERNAL_MAP_REFERENCE",
        "amenity": "fast_food",
        "building": "yes",
        "name": "MH-2 Food Store"
      },
      "geometry": {
        "type": "Polygon",
        "coordinates": [
          [
            [
              80.5010304,
              16.4938446
            ],
            [
              80.5009436,
              16.4938427
            ],
            [
              80.5009458,
              16.4937466
            ],
            [
              80.5008812,
              16.4937452
            ],
            [
              80.5008823,
              16.4936966
            ],
            [
              80.5010337,
              16.4936998
            ],
            [
              80.5010304,
              16.4938446
            ]
          ]
        ]
      }
    },
    {
      "type": "Feature",
      "properties": {
        "osm_type": "way",
        "osm_id": 1485790894,
        "provenance": "EXTERNAL_MAP_REFERENCE",
        "highway": "footway"
      },
      "geometry": {
        "type": "LineString",
        "coordinates": [
          [
            80.4992017,
            16.494595
          ],
          [
            80.4992307,
            16.4946022
          ],
          [
            80.4992495,
            16.4946103
          ],
          [
            80.4992707,
            16.4946277
          ],
          [
            80.4992863,
            16.4946499
          ],
          [
            80.4992951,
            16.4946753
          ],
          [
            80.4992965,
            16.494702
          ],
          [
            80.4992904,
            16.4947281
          ],
          [
            80.4992771,
            16.4947516
          ],
          [
            80.4992578,
            16.4947709
          ],
          [
            80.4992338,
            16.4947845
          ],
          [
            80.4992069,
            16.4947915
          ],
          [
            80.4991816,
            16.4947916
          ],
          [
            80.4991552,
            16.4947851
          ],
          [
            80.4991315,
            16.4947721
          ],
          [
            80.4991122,
            16.4947537
          ],
          [
            80.4990986,
            16.4947311
          ],
          [
            80.4990916,
            16.4947058
          ],
          [
            80.4990918,
            16.4946796
          ],
          [
            80.4990992,
            16.4946545
          ],
          [
            80.4991132,
            16.494632
          ],
          [
            80.4991328,
            16.4946139
          ],
          [
            80.4991526,
            16.494603
          ],
          [
            80.4991788,
            16.4945957
          ]
        ]
      }
    },
    {
      "type": "Feature",
      "properties": {
        "osm_type": "way",
        "osm_id": 1485790895,
        "provenance": "EXTERNAL_MAP_REFERENCE",
        "highway": "footway"
      },
      "geometry": {
        "type": "LineString",
        "coordinates": [
          [
            80.4989888,
            16.4944889
          ],
          [
            80.499011,
            16.4945159
          ],
          [
            80.4990337,
            16.4945399
          ],
          [
            80.499068,
            16.4945613
          ],
          [
            80.4990949,
            16.4945722
          ],
          [
            80.4991282,
            16.4945842
          ],
          [
            80.4991788,
            16.4945957
          ],
          [
            80.4992017,
            16.494595
          ],
          [
            80.4992471,
            16.4945811
          ],
          [
            80.4992768,
            16.4945701
          ],
          [
            80.4993007,
            16.494555
          ],
          [
            80.4993237,
            16.4945373
          ],
          [
            80.4993466,
            16.4945171
          ],
          [
            80.4993731,
            16.4944855
          ]
        ]
      }
    },
    {
      "type": "Feature",
      "properties": {
        "osm_type": "way",
        "osm_id": 1485790896,
        "provenance": "EXTERNAL_MAP_REFERENCE",
        "highway": "footway"
      },
      "geometry": {
        "type": "LineString",
        "coordinates": [
          [
            80.4986909,
            16.494916
          ],
          [
            80.4989091,
            16.4947812
          ],
          [
            80.4989298,
            16.4947644
          ],
          [
            80.4990002,
            16.4947073
          ],
          [
            80.4990949,
            16.4945722
          ]
        ]
      }
    },
    {
      "type": "Feature",
      "properties": {
        "osm_type": "way",
        "osm_id": 1485790897,
        "provenance": "EXTERNAL_MAP_REFERENCE",
        "highway": "footway"
      },
      "geometry": {
        "type": "LineString",
        "coordinates": [
          [
            80.4997827,
            16.4949299
          ],
          [
            80.4994832,
            16.4947959
          ],
          [
            80.4994373,
            16.4947608
          ],
          [
            80.4993606,
            16.4947021
          ],
          [
            80.4992768,
            16.4945701
          ]
        ]
      }
    },
    {
      "type": "Feature",
      "properties": {
        "osm_type": "way",
        "osm_id": 1485790899,
        "provenance": "EXTERNAL_MAP_REFERENCE",
        "highway": "footway",
        "layer": "-1"
      },
      "geometry": {
        "type": "LineString",
        "coordinates": [
          [
            80.4991815,
            16.4944073
          ],
          [
            80.4991792,
            16.4943606
          ]
        ]
      }
    },
    {
      "type": "Feature",
      "properties": {
        "osm_type": "way",
        "osm_id": 1485790900,
        "provenance": "EXTERNAL_MAP_REFERENCE",
        "covered": "yes",
        "highway": "footway"
      },
      "geometry": {
        "type": "LineString",
        "coordinates": [
          [
            80.4991849,
            16.4939381
          ],
          [
            80.4991815,
            16.4938532
          ],
          [
            80.499181,
            16.4938347
          ]
        ]
      }
    },
    {
      "type": "Feature",
      "properties": {
        "osm_type": "way",
        "osm_id": 1485790901,
        "provenance": "EXTERNAL_MAP_REFERENCE",
        "highway": "corridor",
        "indoor": "yes"
      },
      "geometry": {
        "type": "LineString",
        "coordinates": [
          [
            80.4986686,
            16.4946267
          ],
          [
            80.4986889,
            16.4945075
          ],
          [
            80.498767,
            16.4943657
          ],
          [
            80.4988881,
            16.4942551
          ],
          [
            80.4990397,
            16.4941872
          ],
          [
            80.4991844,
            16.4941655
          ],
          [
            80.4993694,
            16.4942029
          ],
          [
            80.4995133,
            16.4942847
          ],
          [
            80.4996224,
            16.4944062
          ],
          [
            80.4996856,
            16.4945548
          ],
          [
            80.4996916,
            16.4946574
          ]
        ]
      }
    },
    {
      "type": "Feature",
      "properties": {
        "osm_type": "way",
        "osm_id": 1485790903,
        "provenance": "EXTERNAL_MAP_REFERENCE",
        "footway": "sidewalk",
        "highway": "footway"
      },
      "geometry": {
        "type": "LineString",
        "coordinates": [
          [
            80.4993719,
            16.4965784
          ],
          [
            80.4993401,
            16.4965275
          ],
          [
            80.499303,
            16.4965056
          ],
          [
            80.4992806,
            16.4964879
          ],
          [
            80.4992664,
            16.4964594
          ],
          [
            80.4992617,
            16.4964369
          ],
          [
            80.4992667,
            16.496117
          ],
          [
            80.4992728,
            16.4957229
          ],
          [
            80.4992743,
            16.4956239
          ],
          [
            80.4992838,
            16.4955957
          ],
          [
            80.4992995,
            16.4955735
          ],
          [
            80.4993273,
            16.4955435
          ],
          [
            80.499454,
            16.4955138
          ],
          [
            80.4996033,
            16.4954567
          ],
          [
            80.4997397,
            16.4953752
          ],
          [
            80.4998576,
            16.4952732
          ],
          [
            80.4999711,
            16.4950967
          ],
          [
            80.4999887,
            16.4950687
          ],
          [
            80.5000135,
            16.4950421
          ],
          [
            80.5000482,
            16.4950224
          ],
          [
            80.5000888,
            16.4950166
          ],
          [
            80.5001261,
            16.4950265
          ],
          [
            80.5001433,
            16.495043
          ],
          [
            80.5004051,
            16.495294
          ],
          [
            80.5004213,
            16.4953305
          ],
          [
            80.5004196,
            16.4953687
          ],
          [
            80.5004098,
            16.4953974
          ]
        ]
      }
    },
    {
      "type": "Feature",
      "properties": {
        "osm_type": "way",
        "osm_id": 1485790904,
        "provenance": "EXTERNAL_MAP_REFERENCE",
        "crossing": "uncontrolled",
        "crossing:markings": "yes",
        "footway": "crossing",
        "highway": "footway"
      },
      "geometry": {
        "type": "LineString",
        "coordinates": [
          [
            80.4990851,
            16.4957227
          ],
          [
            80.4991615,
            16.4957228
          ],
          [
            80.4992152,
            16.4957228
          ],
          [
            80.4992728,
            16.4957229
          ]
        ]
      }
    },
    {
      "type": "Feature",
      "properties": {
        "osm_type": "way",
        "osm_id": 1485790905,
        "provenance": "EXTERNAL_MAP_REFERENCE",
        "highway": "footway"
      },
      "geometry": {
        "type": "LineString",
        "coordinates": [
          [
            80.4998622,
            16.4940971
          ],
          [
            80.5011758,
            16.4928405
          ],
          [
            80.501507,
            16.4925259
          ]
        ]
      }
    },
    {
      "type": "Feature",
      "properties": {
        "osm_type": "way",
        "osm_id": 1485790906,
        "provenance": "EXTERNAL_MAP_REFERENCE",
        "footway": "sidewalk",
        "highway": "footway"
      },
      "geometry": {
        "type": "LineString",
        "coordinates": [
          [
            80.4983446,
            16.4951119
          ],
          [
            80.4984174,
            16.4951204
          ],
          [
            80.4984744,
            16.4952102
          ],
          [
            80.4986097,
            16.495346
          ],
          [
            80.4986701,
            16.495404
          ],
          [
            80.4988082,
            16.4954692
          ],
          [
            80.4989156,
            16.4955085
          ],
          [
            80.499048,
            16.4955491
          ]
        ]
      }
    },
    {
      "type": "Feature",
      "properties": {
        "osm_type": "way",
        "osm_id": 1485790907,
        "provenance": "EXTERNAL_MAP_REFERENCE",
        "crossing": "uncontrolled",
        "crossing:markings": "yes",
        "footway": "crossing",
        "highway": "footway"
      },
      "geometry": {
        "type": "LineString",
        "coordinates": [
          [
            80.4982816,
            16.4950098
          ],
          [
            80.4983088,
            16.4950538
          ],
          [
            80.4983446,
            16.4951119
          ]
        ]
      }
    },
    {
      "type": "Feature",
      "properties": {
        "osm_type": "way",
        "osm_id": 1485919486,
        "provenance": "EXTERNAL_MAP_REFERENCE",
        "addr:housenumber": "AB1",
        "building": "university",
        "building:levels": "3",
        "name": "AB-1"
      },
      "geometry": {
        "type": "Polygon",
        "coordinates": [
          [
            [
              80.5005767,
              16.4960063
            ],
            [
              80.5003563,
              16.4957887
            ],
            [
              80.5001719,
              16.4956066
            ],
            [
              80.5000031,
              16.4956585
            ],
            [
              80.4999228,
              16.4954479
            ],
            [
              80.5003018,
              16.4953233
            ],
            [
              80.5004899,
              16.4954992
            ],
            [
              80.5005201,
              16.4954877
            ],
            [
              80.5005643,
              16.4954795
            ],
            [
              80.500609,
              16.4954848
            ],
            [
              80.5006497,
              16.4955031
            ],
            [
              80.5006721,
              16.4955232
            ],
            [
              80.5006826,
              16.4955326
            ],
            [
              80.5007043,
              16.4955704
            ],
            [
              80.5007128,
              16.4956128
            ],
            [
              80.5007061,
              16.4956587
            ],
            [
              80.5006906,
              16.4956868
            ],
            [
              80.5008877,
              16.4958711
            ],
            [
              80.5007497,
              16.4962267
            ],
            [
              80.5005299,
              16.4961556
            ],
            [
              80.5005767,
              16.4960063
            ]
          ]
        ]
      }
    },
    {
      "type": "Feature",
      "properties": {
        "osm_type": "way",
        "osm_id": 1485919487,
        "provenance": "EXTERNAL_MAP_REFERENCE",
        "highway": "footway"
      },
      "geometry": {
        "type": "LineString",
        "coordinates": [
          [
            80.4980455,
            16.4961287
          ],
          [
            80.498108,
            16.4961771
          ],
          [
            80.4982216,
            16.4961669
          ],
          [
            80.4983137,
            16.4961368
          ],
          [
            80.4983825,
            16.4961016
          ],
          [
            80.4984073,
            16.496078
          ],
          [
            80.498452,
            16.4960356
          ],
          [
            80.498494,
            16.495971
          ],
          [
            80.4985347,
            16.4958983
          ],
          [
            80.4985517,
            16.495863
          ]
        ]
      }
    },
    {
      "type": "Feature",
      "properties": {
        "osm_type": "way",
        "osm_id": 1485919488,
        "provenance": "EXTERNAL_MAP_REFERENCE",
        "highway": "footway"
      },
      "geometry": {
        "type": "LineString",
        "coordinates": [
          [
            80.4987169,
            16.4960433
          ],
          [
            80.4985127,
            16.4960657
          ],
          [
            80.4984073,
            16.496078
          ]
        ]
      }
    },
    {
      "type": "Feature",
      "properties": {
        "osm_type": "way",
        "osm_id": 1485919489,
        "provenance": "EXTERNAL_MAP_REFERENCE",
        "amenity": "parking"
      },
      "geometry": {
        "type": "Polygon",
        "coordinates": [
          [
            [
              80.4990292,
              16.4967048
            ],
            [
              80.498971,
              16.4967195
            ],
            [
              80.4988686,
              16.4967588
            ],
            [
              80.4987931,
              16.4968079
            ],
            [
              80.4987112,
              16.4968784
            ],
            [
              80.4986524,
              16.4969508
            ],
            [
              80.4984682,
              16.4968109
            ],
            [
              80.4984669,
              16.4967692
            ],
            [
              80.4985309,
              16.4966975
            ],
            [
              80.4986057,
              16.4966919
            ],
            [
              80.4986978,
              16.49676
            ],
            [
              80.498678,
              16.4967796
            ],
            [
              80.4986569,
              16.4968042
            ],
            [
              80.4986665,
              16.4968287
            ],
            [
              80.4986901,
              16.496833
            ],
            [
              80.4988341,
              16.4967312
            ],
            [
              80.4988347,
              16.4967128
            ],
            [
              80.4988193,
              16.4967018
            ],
            [
              80.4987765,
              16.4967177
            ],
            [
              80.4986908,
              16.4966073
            ],
            [
              80.4986921,
              16.4965496
            ],
            [
              80.4988328,
              16.4965067
            ],
            [
              80.4988782,
              16.496522
            ],
            [
              80.4988929,
              16.4966662
            ],
            [
              80.4988628,
              16.4966791
            ],
            [
              80.4988539,
              16.4966944
            ],
            [
              80.4988635,
              16.4967079
            ],
            [
              80.4988852,
              16.4967085
            ],
            [
              80.4990157,
              16.4966453
            ],
            [
              80.4990292,
              16.4967048
            ]
          ]
        ]
      }
    },
    {
      "type": "Feature",
      "properties": {
        "osm_type": "way",
        "osm_id": 1485919490,
        "provenance": "EXTERNAL_MAP_REFERENCE",
        "amenity": "parking"
      },
      "geometry": {
        "type": "Polygon",
        "coordinates": [
          [
            [
              80.499301,
              16.4966982
            ],
            [
              80.4993593,
              16.4967128
            ],
            [
              80.4994617,
              16.4967519
            ],
            [
              80.4995372,
              16.4968009
            ],
            [
              80.4996192,
              16.4968714
            ],
            [
              80.4996781,
              16.4969437
            ],
            [
              80.4998622,
              16.4968036
            ],
            [
              80.4998634,
              16.4967619
            ],
            [
              80.4997993,
              16.4966902
            ],
            [
              80.4997245,
              16.4966848
            ],
            [
              80.4996325,
              16.496753
            ],
            [
              80.4996523,
              16.4967726
            ],
            [
              80.4996735,
              16.4967971
            ],
            [
              80.4996639,
              16.4968216
            ],
            [
              80.4996402,
              16.4968259
            ],
            [
              80.4994962,
              16.4967243
            ],
            [
              80.4994955,
              16.4967059
            ],
            [
              80.4995108,
              16.4966948
            ],
            [
              80.4995537,
              16.4967107
            ],
            [
              80.4996393,
              16.4966002
            ],
            [
              80.4996379,
              16.4965426
            ],
            [
              80.4994972,
              16.4964998
            ],
            [
              80.4994518,
              16.4965152
            ],
            [
              80.4994372,
              16.4966594
            ],
            [
              80.4994673,
              16.4966722
            ],
            [
              80.4994763,
              16.4966875
            ],
            [
              80.4994667,
              16.496701
            ],
            [
              80.499445,
              16.4967017
            ],
            [
              80.4993144,
              16.4966386
            ],
            [
              80.499301,
              16.4966982
            ]
          ]
        ]
      }
    },
    {
      "type": "Feature",
      "properties": {
        "osm_type": "way",
        "osm_id": 1485919491,
        "provenance": "EXTERNAL_MAP_REFERENCE",
        "crossing": "uncontrolled",
        "crossing:markings": "yes",
        "footway": "crossing",
        "highway": "footway"
      },
      "geometry": {
        "type": "LineString",
        "coordinates": [
          [
            80.5001433,
            16.495043
          ],
          [
            80.5001817,
            16.4950142
          ],
          [
            80.5002318,
            16.4949766
          ]
        ]
      }
    },
    {
      "type": "Feature",
      "properties": {
        "osm_type": "way",
        "osm_id": 1485919492,
        "provenance": "EXTERNAL_MAP_REFERENCE",
        "highway": "footway"
      },
      "geometry": {
        "type": "LineString",
        "coordinates": [
          [
            80.4981454,
            16.4957806
          ],
          [
            80.4981756,
            16.4958141
          ]
        ]
      }
    },
    {
      "type": "Feature",
      "properties": {
        "osm_type": "way",
        "osm_id": 1485919493,
        "provenance": "EXTERNAL_MAP_REFERENCE",
        "highway": "footway"
      },
      "geometry": {
        "type": "LineString",
        "coordinates": [
          [
            80.4978657,
            16.4954814
          ],
          [
            80.4978512,
            16.4954661
          ]
        ]
      }
    },
    {
      "type": "Feature",
      "properties": {
        "osm_type": "way",
        "osm_id": 1485919495,
        "provenance": "EXTERNAL_MAP_REFERENCE",
        "highway": "service"
      },
      "geometry": {
        "type": "LineString",
        "coordinates": [
          [
            80.5003965,
            16.493976
          ],
          [
            80.5003972,
            16.4944889
          ]
        ]
      }
    },
    {
      "type": "Feature",
      "properties": {
        "osm_type": "way",
        "osm_id": 1485919496,
        "provenance": "EXTERNAL_MAP_REFERENCE",
        "highway": "service"
      },
      "geometry": {
        "type": "LineString",
        "coordinates": [
          [
            80.5009464,
            16.4944361
          ],
          [
            80.5009421,
            16.4939729
          ],
          [
            80.5009433,
            16.4939265
          ],
          [
            80.5011165,
            16.4939252
          ],
          [
            80.5016617,
            16.4939235
          ]
        ]
      }
    },
    {
      "type": "Feature",
      "properties": {
        "osm_type": "way",
        "osm_id": 1485935403,
        "provenance": "EXTERNAL_MAP_REFERENCE",
        "building": "yes"
      },
      "geometry": {
        "type": "Polygon",
        "coordinates": [
          [
            [
              80.5000833,
              16.4916492
            ],
            [
              80.5000846,
              16.4915514
            ],
            [
              80.4999905,
              16.4915502
            ],
            [
              80.4999919,
              16.4914494
            ],
            [
              80.5004439,
              16.4914549
            ],
            [
              80.5004413,
              16.4916536
            ],
            [
              80.5000833,
              16.4916492
            ]
          ]
        ]
      }
    },
    {
      "type": "Feature",
      "properties": {
        "osm_type": "way",
        "osm_id": 1485935404,
        "provenance": "EXTERNAL_MAP_REFERENCE",
        "building": "dormitory",
        "name": "MH-7"
      },
      "geometry": {
        "type": "Polygon",
        "coordinates": [
          [
            [
              80.5000268,
              16.4925375
            ],
            [
              80.5006257,
              16.4931216
            ],
            [
              80.5007412,
              16.4930127
            ],
            [
              80.5005263,
              16.4928031
            ],
            [
              80.5005878,
              16.4927452
            ],
            [
              80.5007997,
              16.492952
            ],
            [
              80.500906,
              16.4928519
            ],
            [
              80.5003071,
              16.4922676
            ],
            [
              80.5001988,
              16.4923696
            ],
            [
              80.5004152,
              16.4925807
            ],
            [
              80.5003584,
              16.4926342
            ],
            [
              80.500145,
              16.4924261
            ],
            [
              80.5000268,
              16.4925375
            ]
          ]
        ]
      }
    },
    {
      "type": "Feature",
      "properties": {
        "osm_type": "way",
        "osm_id": 1485935405,
        "provenance": "EXTERNAL_MAP_REFERENCE",
        "building": "dormitory",
        "name": "LH-1"
      },
      "geometry": {
        "type": "Polygon",
        "coordinates": [
          [
            [
              80.4967083,
              16.4918167
            ],
            [
              80.49681,
              16.491918
            ],
            [
              80.4967352,
              16.491987
            ],
            [
              80.4967568,
              16.4920087
            ],
            [
              80.4968254,
              16.4919453
            ],
            [
              80.4969524,
              16.4920718
            ],
            [
              80.4968633,
              16.4921539
            ],
            [
              80.4968037,
              16.4920945
            ],
            [
              80.4967786,
              16.4921177
            ],
            [
              80.4968379,
              16.4921766
            ],
            [
              80.4967467,
              16.492261
            ],
            [
              80.4966245,
              16.4921394
            ],
            [
              80.4967004,
              16.4920694
            ],
            [
              80.4966722,
              16.4920413
            ],
            [
              80.4965952,
              16.4921123
            ],
            [
              80.4965121,
              16.4920297
            ],
            [
              80.4965842,
              16.4919631
            ],
            [
              80.4965627,
              16.4919416
            ],
            [
              80.4965481,
              16.4919551
            ],
            [
              80.4965282,
              16.4919352
            ],
            [
              80.4964974,
              16.4919637
            ],
            [
              80.4964468,
              16.4919132
            ],
            [
              80.4964859,
              16.4918772
            ],
            [
              80.4964667,
              16.4918581
            ],
            [
              80.4965477,
              16.4917834
            ],
            [
              80.4965661,
              16.4918016
            ],
            [
              80.4966071,
              16.4917638
            ],
            [
              80.4966603,
              16.4918167
            ],
            [
              80.4966092,
              16.4918639
            ],
            [
              80.4966323,
              16.4918869
            ],
            [
              80.4967083,
              16.4918167
            ]
          ]
        ]
      }
    },
    {
      "type": "Feature",
      "properties": {
        "osm_type": "way",
        "osm_id": 1485935406,
        "provenance": "EXTERNAL_MAP_REFERENCE",
        "highway": "footway"
      },
      "geometry": {
        "type": "LineString",
        "coordinates": [
          [
            80.4959454,
            16.4916115
          ],
          [
            80.4962684,
            16.4919292
          ],
          [
            80.497058,
            16.4927067
          ],
          [
            80.4973093,
            16.4929571
          ],
          [
            80.4983996,
            16.4940435
          ],
          [
            80.4984434,
            16.4940693
          ],
          [
            80.4984785,
            16.4940714
          ],
          [
            80.4985064,
            16.494073
          ],
          [
            80.498531,
            16.4940674
          ],
          [
            80.4985386,
            16.4940656
          ],
          [
            80.4985736,
            16.4940517
          ]
        ]
      }
    },
    {
      "type": "Feature",
      "properties": {
        "osm_type": "way",
        "osm_id": 1485935411,
        "provenance": "EXTERNAL_MAP_REFERENCE",
        "highway": "service"
      },
      "geometry": {
        "type": "LineString",
        "coordinates": [
          [
            80.4969566,
            16.4919373
          ],
          [
            80.4974293,
            16.4914729
          ],
          [
            80.4977936,
            16.4918118
          ]
        ]
      }
    },
    {
      "type": "Feature",
      "properties": {
        "osm_type": "way",
        "osm_id": 1485935412,
        "provenance": "EXTERNAL_MAP_REFERENCE",
        "building": "yes"
      },
      "geometry": {
        "type": "Polygon",
        "coordinates": [
          [
            [
              80.4976941,
              16.4916139
            ],
            [
              80.498027,
              16.4916162
            ],
            [
              80.4980754,
              16.4914871
            ],
            [
              80.4977366,
              16.4914758
            ],
            [
              80.4976941,
              16.4916139
            ]
          ]
        ]
      }
    },
    {
      "type": "Feature",
      "properties": {
        "osm_type": "way",
        "osm_id": 1485935413,
        "provenance": "EXTERNAL_MAP_REFERENCE",
        "highway": "service"
      },
      "geometry": {
        "type": "LineString",
        "coordinates": [
          [
            80.4973063,
            16.4922721
          ],
          [
            80.4977936,
            16.4918118
          ]
        ]
      }
    },
    {
      "type": "Feature",
      "properties": {
        "osm_type": "way",
        "osm_id": 1485935414,
        "provenance": "EXTERNAL_MAP_REFERENCE",
        "building": "yes"
      },
      "geometry": {
        "type": "Polygon",
        "coordinates": [
          [
            [
              80.4965481,
              16.4930176
            ],
            [
              80.4964726,
              16.4929416
            ],
            [
              80.4965673,
              16.4928552
            ],
            [
              80.4966439,
              16.4929323
            ],
            [
              80.4966093,
              16.4929638
            ],
            [
              80.4965835,
              16.4929379
            ],
            [
              80.4965531,
              16.4929656
            ],
            [
              80.4965778,
              16.4929905
            ],
            [
              80.4965481,
              16.4930176
            ]
          ]
        ]
      }
    },
    {
      "type": "Feature",
      "properties": {
        "osm_type": "way",
        "osm_id": 1485935415,
        "provenance": "EXTERNAL_MAP_REFERENCE",
        "highway": "service"
      },
      "geometry": {
        "type": "LineString",
        "coordinates": [
          [
            80.5007897,
            16.4924732
          ],
          [
            80.5009843,
            16.4922934
          ],
          [
            80.5011472,
            16.4924662
          ],
          [
            80.5015191,
            16.4924675
          ],
          [
            80.5015818,
            16.492547
          ]
        ]
      }
    },
    {
      "type": "Feature",
      "properties": {
        "osm_type": "way",
        "osm_id": 1485935416,
        "provenance": "EXTERNAL_MAP_REFERENCE",
        "highway": "service"
      },
      "geometry": {
        "type": "LineString",
        "coordinates": [
          [
            80.5009843,
            16.4922934
          ],
          [
            80.5011551,
            16.4921209
          ],
          [
            80.5011517,
            16.4919644
          ],
          [
            80.5008784,
            16.4917045
          ],
          [
            80.5007768,
            16.4916079
          ],
          [
            80.5003201,
            16.4920264
          ]
        ]
      }
    },
    {
      "type": "Feature",
      "properties": {
        "osm_type": "way",
        "osm_id": 1485935417,
        "provenance": "EXTERNAL_MAP_REFERENCE",
        "highway": "service"
      },
      "geometry": {
        "type": "LineString",
        "coordinates": [
          [
            80.5016451,
            16.4918528
          ],
          [
            80.5011541,
            16.4918516
          ],
          [
            80.5011517,
            16.4919644
          ]
        ]
      }
    },
    {
      "type": "Feature",
      "properties": {
        "osm_type": "way",
        "osm_id": 1485935418,
        "provenance": "EXTERNAL_MAP_REFERENCE",
        "highway": "track"
      },
      "geometry": {
        "type": "LineString",
        "coordinates": [
          [
            80.5008784,
            16.4917045
          ],
          [
            80.5011375,
            16.4914624
          ],
          [
            80.5012238,
            16.4912178
          ]
        ]
      }
    },
    {
      "type": "Feature",
      "properties": {
        "osm_type": "way",
        "osm_id": 1485935419,
        "provenance": "EXTERNAL_MAP_REFERENCE",
        "building": "yes"
      },
      "geometry": {
        "type": "Polygon",
        "coordinates": [
          [
            [
              80.4986544,
              16.4916219
            ],
            [
              80.499066,
              16.4916245
            ],
            [
              80.499067,
              16.4914673
            ],
            [
              80.4986555,
              16.4914647
            ],
            [
              80.4986544,
              16.4916219
            ]
          ]
        ]
      }
    },
    {
      "type": "Feature",
      "properties": {
        "osm_type": "way",
        "osm_id": 1485935420,
        "provenance": "EXTERNAL_MAP_REFERENCE",
        "highway": "footway"
      },
      "geometry": {
        "type": "LineString",
        "coordinates": [
          [
            80.498501,
            16.4938926
          ],
          [
            80.4985121,
            16.4939092
          ],
          [
            80.4984785,
            16.4940714
          ]
        ]
      }
    },
    {
      "type": "Feature",
      "properties": {
        "osm_type": "way",
        "osm_id": 1485935421,
        "provenance": "EXTERNAL_MAP_REFERENCE",
        "highway": "footway"
      },
      "geometry": {
        "type": "LineString",
        "coordinates": [
          [
            80.498531,
            16.4940674
          ],
          [
            80.498545,
            16.4940087
          ],
          [
            80.4985546,
            16.4939743
          ],
          [
            80.4985788,
            16.4939432
          ],
          [
            80.4986101,
            16.49392
          ],
          [
            80.4986367,
            16.493904
          ],
          [
            80.4986488,
            16.4938896
          ],
          [
            80.4986476,
            16.493874
          ],
          [
            80.4986438,
            16.4938552
          ],
          [
            80.4986334,
            16.4938404
          ],
          [
            80.4986101,
            16.4938293
          ],
          [
            80.4985872,
            16.4938136
          ]
        ]
      }
    },
    {
      "type": "Feature",
      "properties": {
        "osm_type": "way",
        "osm_id": 1485952922,
        "provenance": "EXTERNAL_MAP_REFERENCE",
        "bridge": "yes",
        "highway": "footway",
        "layer": "1"
      },
      "geometry": {
        "type": "LineString",
        "coordinates": [
          [
            80.499443,
            16.4960535
          ],
          [
            80.4995211,
            16.4960288
          ]
        ]
      }
    },
    {
      "type": "Feature",
      "properties": {
        "osm_type": "way",
        "osm_id": 1485952923,
        "provenance": "EXTERNAL_MAP_REFERENCE",
        "highway": "footway"
      },
      "geometry": {
        "type": "LineString",
        "coordinates": [
          [
            80.4992667,
            16.496117
          ],
          [
            80.499443,
            16.4960535
          ]
        ]
      }
    },
    {
      "type": "Feature",
      "properties": {
        "osm_type": "way",
        "osm_id": 1485952924,
        "provenance": "EXTERNAL_MAP_REFERENCE",
        "highway": "footway"
      },
      "geometry": {
        "type": "LineString",
        "coordinates": [
          [
            80.4996583,
            16.4959819
          ],
          [
            80.4996787,
            16.4960111
          ],
          [
            80.4997496,
            16.4960293
          ],
          [
            80.4998356,
            16.4960969
          ],
          [
            80.4999145,
            16.4961977
          ]
        ]
      }
    },
    {
      "type": "Feature",
      "properties": {
        "osm_type": "way",
        "osm_id": 1485952925,
        "provenance": "EXTERNAL_MAP_REFERENCE",
        "bridge": "yes",
        "highway": "footway",
        "layer": "1"
      },
      "geometry": {
        "type": "LineString",
        "coordinates": [
          [
            80.4999145,
            16.4961977
          ],
          [
            80.4999716,
            16.4962681
          ]
        ]
      }
    },
    {
      "type": "Feature",
      "properties": {
        "osm_type": "way",
        "osm_id": 1485952926,
        "provenance": "EXTERNAL_MAP_REFERENCE",
        "highway": "footway"
      },
      "geometry": {
        "type": "LineString",
        "coordinates": [
          [
            80.5003579,
            16.4962394
          ],
          [
            80.5004161,
            16.4962941
          ],
          [
            80.5005021,
            16.4963533
          ],
          [
            80.5005619,
            16.4963891
          ],
          [
            80.500688,
            16.4963918
          ]
        ]
      }
    },
    {
      "type": "Feature",
      "properties": {
        "osm_type": "way",
        "osm_id": 1491743508,
        "provenance": "EXTERNAL_MAP_REFERENCE",
        "highway": "footway"
      },
      "geometry": {
        "type": "LineString",
        "coordinates": [
          [
            80.499181,
            16.4938347
          ],
          [
            80.4991804,
            16.4938153
          ]
        ]
      }
    },
    {
      "type": "Feature",
      "properties": {
        "osm_type": "way",
        "osm_id": 1491743509,
        "provenance": "EXTERNAL_MAP_REFERENCE",
        "highway": "path",
        "informal": "yes",
        "name": "Footpath to MH2"
      },
      "geometry": {
        "type": "LineString",
        "coordinates": [
          [
            80.5011314,
            16.4933877
          ],
          [
            80.5008419,
            16.4932593
          ]
        ]
      }
    },
    {
      "type": "Feature",
      "properties": {
        "osm_type": "way",
        "osm_id": 1491743510,
        "provenance": "EXTERNAL_MAP_REFERENCE",
        "covered": "yes",
        "highway": "service",
        "surface": "asphalt"
      },
      "geometry": {
        "type": "LineString",
        "coordinates": [
          [
            80.4990207,
            16.4938719
          ],
          [
            80.4991815,
            16.4938532
          ],
          [
            80.4993347,
            16.4938632
          ]
        ]
      }
    },
    {
      "type": "Feature",
      "properties": {
        "osm_type": "way",
        "osm_id": 1491743511,
        "provenance": "EXTERNAL_MAP_REFERENCE",
        "covered": "yes",
        "highway": "footway"
      },
      "geometry": {
        "type": "LineString",
        "coordinates": [
          [
            80.4991883,
            16.4940209
          ],
          [
            80.4991849,
            16.4939381
          ]
        ]
      }
    },
    {
      "type": "Feature",
      "properties": {
        "osm_type": "way",
        "osm_id": 750542244,
        "provenance": "EXTERNAL_MAP_REFERENCE",
        "amenity": "university",
        "name": "VIT-AP University",
        "website": "https://vitap.ac.in/",
        "wikidata": "Q60748108"
      },
      "geometry": {
        "type": "Polygon",
        "coordinates": [
          [
            [
              80.5017484,
              16.4971281
            ],
            [
              80.4946552,
              16.4970656
            ],
            [
              80.4946802,
              16.4944354
            ],
            [
              80.4947118,
              16.4911099
            ],
            [
              80.5018052,
              16.4911715
            ],
            [
              80.5017484,
              16.4971281
            ]
          ]
        ]
      }
    }
  ]
}